text,file_name
a graph showing the number of different taxes per business in the us,downloaded_image_t11.jpg
there are four toy vehicles that are sitting on a table,downloaded_image_t12.jpg
a table with a number of different teams and numbers,downloaded_image_t13.jpg
a table with a number of players and their score,downloaded_image_t14.jpg
a table with a number of students receiving scholarships in the year,downloaded_image_t16.jpg
a close up of a bar chart with different types of items,downloaded_image_t17.jpg
a table with a number of entries and a table number of entries,downloaded_image_t18.jpg
a diagram of a bar chart with the most preferred objects of different categoriess,downloaded_image_t19.jpg
a close up of a digital clock with the time on the display,downloaded_image_t110.jpg
a diagram of a sphere with a volume of,downloaded_image_t111.jpg
a diagram of a square with,downloaded_image_t113.jpg
a map of the united states with the most people in each state,downloaded_image_t114.jpg
a triangle with three sides and three sides that are congructed,downloaded_image_t115.jpg
a table with a pie and a pies baked number of pies,downloaded_image_t117.jpg
a green and white image of a number of green squares,downloaded_image_t118.jpg
a close up of a clock with a pink and white face,downloaded_image_t120.jpg
a graphing function of a line with a slope and a point on it,downloaded_image_t121.jpg
there are a few small toys that are on a table,downloaded_image_t122.jpg
a diagram of a wave with a point at the center and a point at the bottom,downloaded_image_t124.jpg
a diagram of a square with,downloaded_image_t125.jpg
two men in suits shaking hands in a room with a painting,downloaded_image_t127.jpg
a close up of a snowflake pattern on a white background,downloaded_image_t128.jpg
there are several different colored objects on a white surface,downloaded_image_t129.jpg
a chart of the number of preferred objects in a computer,downloaded_image_t130.jpg
cartoon of a woman and a man standing next to a pond,downloaded_image_t131.jpg
a close up of a graph with a line going up and a line going down,downloaded_image_t133.jpg
a graph showing the number of child - related children in primary school in the country,downloaded_image_t134.jpg
a triangle with a side of a triangle and a side of a triangle,downloaded_image_t135.jpg
a diagram of a graph with a line of orange and blue,downloaded_image_t136.jpg
a close up of a number of cubes with a number of smaller ones,downloaded_image_t137.jpg
a picture of a picture of a fruit and vegetable addition,downloaded_image_t138.jpg
a rectangular is shown with the perimeter of the trapoid above,downloaded_image_t139.jpg
a table with a number of hockey games on it,downloaded_image_t142.jpg
there are three balls and two cubes on a table,downloaded_image_t143.jpg
a close up of a ruler with a green leaf on it,downloaded_image_t144.jpg
a bar chart showing the number of people who are using the internet,downloaded_image_t145.jpg
there are a lot of toy cars and a toy airplane,downloaded_image_t148.jpg
a close up of a ruler with a number on it,downloaded_image_t149.jpg
arafed graph of the number of people who have been reported on social media,downloaded_image_t150.jpg
there are a lot of different toy airplanes and a bus,downloaded_image_t152.jpg
there are two small toy motorcycles that are on a table,downloaded_image_t156.jpg
a diagram of a triangle with three intersecting sides and a line of symmetry,downloaded_image_t158.jpg
a circle with a center and a center at the end of it,downloaded_image_t159.jpg
a table with a number of taxes and taxes on it,downloaded_image_t161.jpg
a close up of a pencil and ruler with a number,downloaded_image_t162.jpg
there are many different colored bicycles and a bus on the table,downloaded_image_t163.jpg
a triangle with three sides and three sides that are congructed,downloaded_image_t164.jpg
a picture of a picture of a number line with hearts and arrows,downloaded_image_t165.jpg
there are three balls and a cube on a table,downloaded_image_t168.jpg
skier in red jacket skiing down a snowy slope with trees in the background,downloaded_image_t170.jpg
arafed photo of two children sitting on a chair in a room,downloaded_image_t171.jpg
a close up of a graph with a curve on a black background,downloaded_image_t172.jpg
a diagram of a plot with a line of dots and a line of dots,downloaded_image_t173.jpg
a diagram of a curve with a line of different colors,downloaded_image_t174.jpg
a close up of a clock with a different time zones,downloaded_image_t175.jpg
a diagram of a triangle with three intersecting lines and a line that is parallel to the other,downloaded_image_t176.jpg
three men in suits and ties standing next to each other,downloaded_image_t179.jpg
a close up of a pie chart with different colors of the pie,downloaded_image_t180.jpg
a purple rectangular frame with a purple border,downloaded_image_t181.jpg
a circle with a center and a center on a coordinate,downloaded_image_t182.jpg
there are five different colored boxes and one green one blue and one yellow,downloaded_image_t183.jpg
a graph showing the number of people who have been paid by the internet,downloaded_image_t184.jpg
they are sitting in a red car with a man and woman,downloaded_image_t185.jpg
they are two men in white shirts and bow ties giving thumbs up,downloaded_image_t186.jpg
a close up of a purple and white striped pattern with a black border,downloaded_image_t187.jpg
a picture shows a circle with a line that is perpendicular to the center of it,downloaded_image_t188.jpg
a close up of a bar chart with a number of bars,downloaded_image_t189.jpg
a diagram of a triangle with a side angle and a side angle,downloaded_image_t195.jpg
a diagram of a line graph with a line graph of a bar graph,downloaded_image_t198.jpg
there are three different colored objects on a white surface,downloaded_image_t199.jpg
there are two men standing next to each other in a room,downloaded_image_t1100.jpg
a diagram of a triangle with a side of a triangle and a side of a triangle,downloaded_image_t1101.jpg
a diagram of a bar chart with data and data in it,downloaded_image_t1102.jpg
a table with a number of running miles and a number of miles,downloaded_image_t1104.jpg
a diagram of a bar chart with different types of work drawn,downloaded_image_t1105.jpg
a chart showing the percentage of people who are using social media,downloaded_image_t1107.jpg
there are many different types of toys on the table,downloaded_image_t1108.jpg
a close up of a pie chart with a number of different colors,downloaded_image_t1109.jpg
a graph showing the number of students in each class of the school,downloaded_image_t1110.jpg
a close up of a ruler with a plant growing on it,downloaded_image_t1111.jpg
a drawing of a triangle with three intersectings and a line of three intersectings,downloaded_image_t1112.jpg
a close up of a pie chart with different colors of pie,downloaded_image_t1113.jpg
a chart of a bar chart with a number of different types of ice cream,downloaded_image_t1114.jpg
a circle with a triangle and a point on the center,downloaded_image_t1116.jpg
a screenshot of a computer screen showing a graphing function,downloaded_image_t1117.jpg
arafed bar chart showing the percentage of people who are using social media,downloaded_image_t1118.jpg
a close up of a table with a number of newspapers,downloaded_image_t1120.jpg
a screenshot of a bar chart showing the percentage of people who are paying for a new apartment,downloaded_image_t1121.jpg
ducks and geese are walking along the side of a river,downloaded_image_t1123.jpg
a box with a square and a rectangle on it,downloaded_image_t1124.jpg
"arafed living room with a couch, chair, table, and lamp",downloaded_image_t1125.jpg
arafed curve of a line with a blue line going down it,downloaded_image_t1127.jpg
there are several different colored objects on a white surface,downloaded_image_t1128.jpg
a chart showing the number of commercial banks in the united states,downloaded_image_t1129.jpg
a picture of a graph with a line that has a point on it,downloaded_image_t1130.jpg
a close up of a table with a number of signs,downloaded_image_t1131.jpg
a table with a price list for zoo tickets and a price list for a ticket,downloaded_image_t1132.jpg
a drawing of a triangle with three intersecting sides and a line of three intersecting sides,downloaded_image_t1133.jpg
there are many different types of toys that are on the table,downloaded_image_t1134.jpg
an old black and white photo of a man and woman standing next to each other,downloaded_image_t1135.jpg
there are three toy vehicles and a bus on a table,downloaded_image_t1136.jpg
a picture of a number of squares with pink and blue shapes,downloaded_image_t1137.jpg
there are two different colored objects on a white surface,downloaded_image_t1138.jpg
a green square with a,downloaded_image_t1140.jpg
there are two different colored objects on the floor next to each other,downloaded_image_t1141.jpg
a close up of a table with a number of items on it,downloaded_image_t1142.jpg
a table with prices of cars and bikes for ferry fares,downloaded_image_t1143.jpg
a close up of a bar chart with a number of people,downloaded_image_t1145.jpg
arafed image of a man and woman dancing in a black and white photo,downloaded_image_t1146.jpg
a close up of a circle with the center and the middle of it,downloaded_image_t1147.jpg
there is a man sleeping in bed with a cat on the side,downloaded_image_t1149.jpg
there are many toy cars and a toy plane on a table,downloaded_image_t1150.jpg
there are three different colored objects on a white surface,downloaded_image_t1151.jpg
a close up of a graph with a line graph on it,downloaded_image_t1153.jpg
two men in suits sitting at a table with flags behind them,downloaded_image_t1154.jpg
a picture of a diagram of a square with a right triangle,downloaded_image_t1157.jpg
there is a toy bus and a bicycle next to a box,downloaded_image_t1159.jpg
a triangle with a side angle and a side angle of the triangle,downloaded_image_t1160.jpg
a chart of the percentage of people who are preferred objects in the past,downloaded_image_t1162.jpg
there are many different toys that are on the table,downloaded_image_t1163.jpg
"a graph of average temperature in cape town, south africa",downloaded_image_t1164.jpg
there are four different colored objects on a white surface,downloaded_image_t1165.jpg
there are three different colored objects on a white surface,downloaded_image_t1166.jpg
arafed family sitting at a table with plates of food,downloaded_image_t1167.jpg
"a diagram of a bird, rabbit, and grasshoppers life cycle",downloaded_image_t1168.jpg
a diagram of a triangle with three sides and three angles,downloaded_image_t1169.jpg
there are many different colored objects on a white surface,downloaded_image_t1170.jpg
a close up of a pie chart with different colors of pie,downloaded_image_t1171.jpg
there are three different colored objects sitting on a white surface,downloaded_image_t1172.jpg
a diagram of a line graph with a line of data on it,downloaded_image_t1173.jpg
a diagram of a circle with a center and a center at the end,downloaded_image_t1174.jpg
a diagram of the life cycle of a frog,downloaded_image_t1175.jpg
a drawing of a circle with a center and a center at the end,downloaded_image_t1177.jpg
a diagram of a straight line with a right angle and a right angle,downloaded_image_t1178.jpg
a chart of the percentage of people who are in the dark,downloaded_image_t1180.jpg
mountains in the distance with a body of water in the foreground,downloaded_image_t1182.jpg
a diagram of a curve with a slope and a point at the end,downloaded_image_t1183.jpg
a drawing of a triangle with two circles on it,downloaded_image_t1184.jpg
a close up of a ruler with a screw on it,downloaded_image_t1185.jpg
a graph showing the average number of children who received treatment for diabetes,downloaded_image_t1186.jpg
a close up of a clock with a pink frame and numbers,downloaded_image_t1187.jpg
a close up of a ruler with a number on it,downloaded_image_t1188.jpg
a diagram of a fish shark and a fish shark,downloaded_image_t1189.jpg
a chart showing the number of people who are using social media,downloaded_image_t1190.jpg
there are two cubes and a ball on a table,downloaded_image_t1191.jpg
a table with a number of schools in each town,downloaded_image_t1192.jpg
there are three balls and a cube on a table,downloaded_image_t1193.jpg
two men standing next to each other holding a football,downloaded_image_t1194.jpg
a close up of a pie chart with different colors of pie,downloaded_image_t1195.jpg
a graphing function of a line with a slope and a point on it,downloaded_image_t1196.jpg
a close up of a table with a number of items on it,downloaded_image_t1198.jpg
a picture shows a circle with a point on the side and a line of sight on the other,downloaded_image_t1199.jpg
a close up of a ruler with a wooden handle on a white background,downloaded_image_t1200.jpg
there are three balls of different colors on a white surface,downloaded_image_t1202.jpg
a table with a list of the different types of food,downloaded_image_t1203.jpg
a diagram of a triangle with a point at the end of it,downloaded_image_t1204.jpg
a graph showing the number of objects in a room that are not in use,downloaded_image_t1205.jpg
a triangle with a side of a triangle and a side of a triangle with a side of a,downloaded_image_t1206.jpg
a close up of a ruler with a plant growing on it,downloaded_image_t1208.jpg
a close up of a clock with a green frame and numbers,downloaded_image_t1210.jpg
there are many different colored balls and cubes on the table,downloaded_image_t1211.jpg
arafed image of a group of different colored objects on a white surface,downloaded_image_t1212.jpg
a close up of a row of orange bookshelves with a white background,downloaded_image_t1214.jpg
a drawing of a grasshopper cycle with a few insects,downloaded_image_t1215.jpg
there are many different colored objects on a white surface,downloaded_image_t1217.jpg
a chart of the number of students who have completed a math test,downloaded_image_t1218.jpg
a triangle with a side of,downloaded_image_t1219.jpg
a chart showing the percentage of people who are paying for a government,downloaded_image_t1220.jpg
"a diagram of a food web with a dog, a cat, a chicken, a banana",downloaded_image_t1221.jpg
a diagram of a bar chart with the most preferred objects of different categoriess,downloaded_image_t1222.jpg
a plot of a line that is going through a curve,downloaded_image_t1225.jpg
arafed map of the united states with the highest health coverage,downloaded_image_t1226.jpg
a close up of a clock with a purple frame and numbers,downloaded_image_t1227.jpg
two men shaking hands in front of a large screen with flags,downloaded_image_t1228.jpg
arafed photo of a group of wrestlers posing for a picture,downloaded_image_t1229.jpg
there are two different colored objects on a white surface,downloaded_image_t1230.jpg
a diagram of a triangle with three intersecting sides and three intersecting sides,downloaded_image_t1231.jpg
a diagram of the solar system with the planets and their sun,downloaded_image_t1233.jpg
a diagram of a square with a right triangle and a right triangle,downloaded_image_t1237.jpg
arafed president obama speaking at a podium with two women and a man,downloaded_image_t1238.jpg
two men in suits shaking hands in a room with a gold statue,downloaded_image_t1239.jpg
there are three different types of toy airplanes and a bus,downloaded_image_t1240.jpg
there are three different colored balls and a blue cylinder on a table,downloaded_image_t1241.jpg
there are three different colored objects on a white surface,downloaded_image_t1242.jpg
arafed graph of the number of people who have been reported in the united states,downloaded_image_t1243.jpg
a triangle with a side angle of,downloaded_image_t1247.jpg
a chart of the number of different types of gold in different countries,downloaded_image_t1248.jpg
a diagram of a food web with various animals and plants,downloaded_image_t1251.jpg
a close up of a row of christmas lights with a white background,downloaded_image_t1257.jpg
there are three toy cars and a bus on a white surface,downloaded_image_t1260.jpg
there are several different colored objects on a white surface,downloaded_image_t1261.jpg
a diagram of a triangle with three intersecting sides and a line of intersection,downloaded_image_t1262.jpg
a graphing curve with a blue line going up the side,downloaded_image_t1263.jpg
a close up of a number of different colored leaves,downloaded_image_t1264.jpg
people walking down a walkway with umbrellas in the rain,downloaded_image_t1265.jpg
a table with a number of different drinks and prices,downloaded_image_t1266.jpg
a graphed line with a point on the center and a line at the bottom,downloaded_image_t1267.jpg
a close up of a bar chart with a number of different types of items,downloaded_image_t1269.jpg
a graphing plot of a curve with a line of equal and a curve of equal,downloaded_image_t1270.jpg
a circle with a triangle and a point on the center,downloaded_image_t1271.jpg
a screenshot of a bar chart with a line graph and a line graph,downloaded_image_t1273.jpg
"a diagram of a fox, snake, rabbit, snake, snake, snake, field mouse",downloaded_image_t1274.jpg
a diagram of the planets and their major planets,downloaded_image_t1275.jpg
there are many different toy vehicles and a bus on the table,downloaded_image_t1276.jpg
a close up of a ruler with a plant growing on it,downloaded_image_t1280.jpg
a close up of a number of different lines of writing,downloaded_image_t1283.jpg
a close up of a pie chart with a few different pies,downloaded_image_t1285.jpg
a circle with a center and a center inscribed in the middle,downloaded_image_t1287.jpg
a circle with a center and a center inscribed in it,downloaded_image_t1288.jpg
a close up of a circle with a half of it in the middle,downloaded_image_t1289.jpg
there are many toy cars and a bus on the table,downloaded_image_t1290.jpg
a circle with a center and a center inscribed in it,downloaded_image_t1291.jpg
a close up of a ct scan of a dog's head,downloaded_image_t1292.jpg
a picture showing the area of a rectangle with the sides of the rectangle,downloaded_image_t1294.jpg
a triangle with the base of the triangle and the base of the triangle,downloaded_image_t1295.jpg
a diagram of a horizontal line with a x and x on it,downloaded_image_t1296.jpg
a chart showing the number of people who are in the world with the same number of people,downloaded_image_t1297.jpg
woman in car with cake and drink in hand,downloaded_image_t1298.jpg
a picture of a triangle with three intersectings and three triangles,downloaded_image_t1299.jpg
a chart of sales statistics for different items,downloaded_image_t1300.jpg
there are three different colored cubes and a ball on a table,downloaded_image_t1301.jpg
a drawing of a circle with a line that is in the middle of it,downloaded_image_t1302.jpg
a close up of a ruler with a number on it,downloaded_image_t1303.jpg
a diagram of a circle with a center and a center at the end,downloaded_image_t1304.jpg
a picture showing the area of a triangle with a side of two,downloaded_image_t1306.jpg
a diagram of a set of four squares with a red dot on each of them,downloaded_image_t1307.jpg
a close up of a graph with a line of data on it,downloaded_image_t1308.jpg
arafed graph of the number of people who are in the area,downloaded_image_t1309.jpg
a diagram of a line that is parallel to the point of a line,downloaded_image_t1310.jpg
a diagram of a hexagonal area with a height of,downloaded_image_t1311.jpg
cartoon of a man standing in a living room with a plant,downloaded_image_t1312.jpg
there are three different colored cylinders and a ball on a table,downloaded_image_t1313.jpg
they are two people sitting at a table with a glass of wine,downloaded_image_t1314.jpg
a picture showing a triangle with a side of a triangle and a side of a triangle with a,downloaded_image_t1315.jpg
a graphing curve with a curve of three different lengths and a number of different numbers,downloaded_image_t1317.jpg
a diagram of a network of different types of food,downloaded_image_t1318.jpg
there are several different colored objects on a white surface,downloaded_image_t1319.jpg
a diagram of a triangle with a height of,downloaded_image_t1320.jpg
a close up of a sheet of paper with a graph on it,downloaded_image_t1321.jpg
cartoon of a woman walking down a path in a park,downloaded_image_t1322.jpg
a chart of percentage of women who received anticreed therapy in,downloaded_image_t1323.jpg
a diagram of a circle with a point at the center and a point at the end,downloaded_image_t1324.jpg
there are several different colored objects on a white surface,downloaded_image_t1326.jpg
a diagram of a circle with a line that is perpendicular to the center,downloaded_image_t1327.jpg
two women in white shirts standing next to each other,downloaded_image_t1328.jpg
arafed black and white photograph of three men in suits and ties,downloaded_image_t1329.jpg
araful city bus on a city street with buildings in the background,downloaded_image_t1330.jpg
a screenshot of a computer screen showing a graphing function,downloaded_image_t1331.jpg
there are a few toy cars and a motorcycle on a table,downloaded_image_t1332.jpg
a circle with a center and a center inscribed in the middle,downloaded_image_t1333.jpg
a close up of a text that has been altered to look like it is written in black,downloaded_image_t1334.jpg
a triangle with three sides and three sides that are congructed,downloaded_image_t1337.jpg
a close up of a bar chart with a number of columns,downloaded_image_t1338.jpg
"there is a bathroom with a bathtub, shelves, and a mirror",downloaded_image_t1341.jpg
a diagram of a curve with a line of different colors,downloaded_image_t1342.jpg
a graphing wave is shown with the same amplitude as the other wave,downloaded_image_t1343.jpg
there are two people on the beach flying a kite,downloaded_image_t1344.jpg
arafed black and white photo of a man and a woman,downloaded_image_t1346.jpg
a close up of a graph with a curve on a black background,downloaded_image_t1347.jpg
there are many different shapes and sizes of objects on the table,downloaded_image_t1348.jpg
a diagram of a bar chart with different types of people,downloaded_image_t1349.jpg
there are four different colored cylinders and one is a cube,downloaded_image_t1352.jpg
a picture of a number of red and white kites with one missing,downloaded_image_t1353.jpg
a close up of a table with a number of items on it,downloaded_image_t1354.jpg
there are three different colored cubes and one is a ball,downloaded_image_t1355.jpg
a chart showing the percentage of people who are using social media,downloaded_image_t1356.jpg
there are a lot of different toys that are on the table,downloaded_image_t1357.jpg
arafed woman in a gray jacket and black dress standing next to a man in a suit,downloaded_image_t1358.jpg
there are three balls and a cube on a table,downloaded_image_t1359.jpg
a close up of a kite with four sides and four sides,downloaded_image_t1360.jpg
a table with a number of participants per race,downloaded_image_t1361.jpg
a circle with four sides and four sides with the same center,downloaded_image_t1363.jpg
there are several balls and a cylinder on a table,downloaded_image_t1364.jpg
a chart of the percentage of people who are fighting for their rights,downloaded_image_t1365.jpg
a diagram of a tree with the four parts labeled,downloaded_image_t1366.jpg
a triangle with the sides of two triangles and one side of the triangle,downloaded_image_t1368.jpg
zebras standing in a field of grass with a mountain in the background,downloaded_image_1.jpg
a black and white drawing of a curve with a line going up,downloaded_image_2.jpg
a pie chart of the different types of people who are in the world,downloaded_image_3.jpg
a bar chart showing the number of people who are using the internet,downloaded_image_4.jpg
a chart of percentage of children who experience violent violence at home,downloaded_image_5.jpg
araffe dressed in red and gold poses with a man in a white shirt,downloaded_image_6.jpg
a close up of a number of different types of buttons,downloaded_image_7.jpg
a close up of a menu listing for a pizza restaurant,downloaded_image_8.jpg
two triangles are shown with the same side lengths and the same side lengths,downloaded_image_9.jpg
skiers on a snowy slope with trees in the background,downloaded_image_12.jpg
a diagram of a bar chart with data and data in it,downloaded_image_13.jpg
a diagram of the life cycle of a frog and other animals,downloaded_image_14.jpg
there are two bikes that are sitting next to each other,downloaded_image_15.jpg
"a triangle with three sides and three sides with the letters a, b, c, and d",downloaded_image_16.jpg
a close up of a graph with a line going through it,downloaded_image_17.jpg
a graph showing the average and average time of a person to use a computer,downloaded_image_18.jpg
there are many different toys that are on the table,downloaded_image_19.jpg
a diagram of a line graph with a line of different heights,downloaded_image_20.jpg
two men in suits sitting in chairs in a room with a fireplace,downloaded_image_21.jpg
arafed photo of a man and woman in formal dress,downloaded_image_22.jpg
a close up of a table with a lot of items on it,downloaded_image_23.jpg
a close up of a clock with a blue frame and numbers,downloaded_image_24.jpg
there are two people in a kitchen with a large box on their head,downloaded_image_25.jpg
a close up of a graph with a line going through it,downloaded_image_26.jpg
a close up of a triangle with the letter r on it,downloaded_image_27.jpg
a diagram of a line graph with a line of data on it,downloaded_image_28.jpg
a close up of a ruler with a number on it,downloaded_image_29.jpg
a close up of a triangle with a red arrow on it,downloaded_image_30.jpg
a close up of a ruler with a number on it,downloaded_image_31.jpg
a triangle with the side lengths of two sides and the side lengths of the other side,downloaded_image_33.jpg
a circle with a point at the center and a line at the end,downloaded_image_34.jpg
a white sheet with a diagram of a rectangle and a triangle,downloaded_image_36.jpg
there are many different colored cubes and a ball on a table,downloaded_image_37.jpg
there are many different toys that are on the table,downloaded_image_39.jpg
arafed black and white photo of two men in a car,downloaded_image_40.jpg
a graphing plot with a blue dot and a line of coordinates,downloaded_image_41.jpg
a graphing function of a curve with a blue line,downloaded_image_42.jpg
there are three balls and a cube on a table,downloaded_image_44.jpg
a screenshot of a bar chart showing the number of people who are using social media,downloaded_image_45.jpg
a triangle with three sides and three sides that are parallel,downloaded_image_46.jpg
"a diagram of a diagram of a cricket game with the words cricket, rat, owl, grass",downloaded_image_47.jpg
there are many different types of gold and purple items on the table,downloaded_image_48.jpg
there are many different colored objects on a white surface,downloaded_image_49.jpg
a diagram shows a circle with a point at the center and a point at the end,downloaded_image_50.jpg
there are three different colored objects on a white surface,downloaded_image_51.jpg
there are three different colored cubes and a ball on a table,downloaded_image_52.jpg
a picture shows a circle with two intersecting segments and a line with the letter bkd,downloaded_image_53.jpg
a circle with a center and a center inscribed in it,downloaded_image_56.jpg
a close up of a ruler with a number on it,downloaded_image_58.jpg
a close up of a pattern of diamonds on a white background,downloaded_image_59.jpg
a close up of a ruler with a cartoon of a green worm,downloaded_image_60.jpg
a close up of a green bar chart with a person on a skateboard,downloaded_image_61.jpg
three men in suits and ties standing next to each other,downloaded_image_62.jpg
"there is a living room with a couch, table, chairs and a television",downloaded_image_63.jpg
a close up of a group of different colored balls and cubes,downloaded_image_64.jpg
arafed curve of a line with a blue line going down it,downloaded_image_65.jpg
a close up of a graph with a curve and a line with a log,downloaded_image_67.jpg
a diagram of a rectangle with a number of sides and a number of sides,downloaded_image_68.jpg
three men on a podium holding up flowers and a trophy,downloaded_image_69.jpg
there are two different colored objects on a white surface,downloaded_image_70.jpg
there are many bananas on a table with a sign on it,downloaded_image_71.jpg
a triangle with a side angle and a side angle of the triangle,downloaded_image_72.jpg
a diagram of a bar chart with a number of different types of blocks,downloaded_image_73.jpg
a butterfly life cycle worksheet for kids,downloaded_image_78.jpg
a circle with a center and a center inscribed in it,downloaded_image_79.jpg
a diagram of a circle with a center and a center at the end,downloaded_image_80.jpg
arafed pizza in a pan with a spatula on a table,downloaded_image_82.jpg
a close up of a circle with a letter j and a circle with a center,downloaded_image_83.jpg
a diagram of a bar chart with the most preferred objects,downloaded_image_84.jpg
there are a lot of toys that are on the table,downloaded_image_85.jpg
a circle with center is shaded as the figure above the area of the shaded region is,downloaded_image_87.jpg
a graph showing the percentage of college completion by race and ethnicity,downloaded_image_88.jpg
there are three different colored cylinders and a green one,downloaded_image_89.jpg
a picture of a triangle with a side of a triangle and a side of a triangle with a,downloaded_image_90.jpg
there are several different colored objects on a white surface,downloaded_image_93.jpg
a table with a number of apples and peaches on it,downloaded_image_94.jpg
a diagram of a triangle with,downloaded_image_95.jpg
a close up of a pie chart with a pie chart in the middle,downloaded_image_96.jpg
they are sitting next to a horse in a field,downloaded_image_97.jpg
a diagram of a curved object with a line of symmetry,downloaded_image_99.jpg
two men in military uniforms standing next to each other on a runway,downloaded_image_101.jpg
there are three different types of toy vehicles and a bus,downloaded_image_102.jpg
a diagram of a triangle with a,downloaded_image_104.jpg
there are four different colored objects on a white surface,downloaded_image_106.jpg
a circle with a point at the center and a line at the end,downloaded_image_107.jpg
a bar chart showing the number of people who are in the city,downloaded_image_108.jpg
there is a toy bike and a toy bus next to each other,downloaded_image_110.jpg
a diagram of the life cycle of a fish,downloaded_image_111.jpg
there is a toy car and a motorcycle next to each other,downloaded_image_112.jpg
a close up of a number of squares with different numbers,downloaded_image_113.jpg
there are two different colored cubes and one yellow one,downloaded_image_114.jpg
a table with a number of spelling words and a list of words,downloaded_image_115.jpg
a close up of a pie chart with a lot of different colors,downloaded_image_116.jpg
a picture shows a triangle with a side of the triangle and a side of the triangle with the,downloaded_image_117.jpg
a circle with a center and a center at the end of it,downloaded_image_118.jpg
there are a box of donuts that are sitting on a table,downloaded_image_119.jpg
a pyramid with numbers and a question mark on it,downloaded_image_120.jpg
"a close up of a triangle with the letters a, b, and c",downloaded_image_121.jpg
a black and white drawing of a curve with a line going up,downloaded_image_122.jpg
there are three different colored objects on a white surface,downloaded_image_123.jpg
a graphed line with a curve and a point at the end of it,downloaded_image_124.jpg
a diagram of a circle with two circles and a letter in the middle,downloaded_image_125.jpg
a picture shows a triangle with a side angle of,downloaded_image_126.jpg
a diagram of a circle with a measure of,downloaded_image_127.jpg
a graphing function of a curve with a blue line,downloaded_image_128.jpg
a diagram of a curved line with a point at the end,downloaded_image_129.jpg
there are many different colored objects on a white surface,downloaded_image_130.jpg
a close up of a green building with a bunch of stacks of green bars,downloaded_image_131.jpg
a graphing line with a point on the center and a line at the bottom,downloaded_image_132.jpg
arafed black and white photo of a man and woman,downloaded_image_133.jpg
three men standing on a stage with a microphone and a microphone,downloaded_image_134.jpg
arafed image of two men shaking hands in front of a painting,downloaded_image_135.jpg
a close up of a graph with a line graph on it,downloaded_image_138.jpg
a close up of a pie chart with different colors of pie,downloaded_image_140.jpg
a circle with a line that is drawn to the center and a line that is not in the,downloaded_image_141.jpg
a table with a number of times and times to run,downloaded_image_142.jpg
a close up of a green bar chart with a white background,downloaded_image_143.jpg
there are many different colored cubes and a ball on a table,downloaded_image_144.jpg
a table with a number of finger puppets made,downloaded_image_146.jpg
a diagram of a sea life cycle with different animals and fish,downloaded_image_147.jpg
a close up of a ruler with a wooden ruler on it,downloaded_image_149.jpg
a close up of a plot with a line graph and a line of data,downloaded_image_150.jpg
there are two men standing together in a room with a cell phone,downloaded_image_151.jpg
a close up of a ruler with a plant growing on it,downloaded_image_152.jpg
a triangle with a side angle of,downloaded_image_154.jpg
there are two women playing soccer on a field with a ball,downloaded_image_155.jpg
there are many different types of toys that are on the table,downloaded_image_156.jpg
a circle with a center and a center at the end of it,downloaded_image_157.jpg
a close up of a pie chart with different colors of pie,downloaded_image_158.jpg
there are many kites that are flying in the sky,downloaded_image_159.jpg
a green square with four sides and four sides,downloaded_image_162.jpg
a drawing of a triangle with a circle and a point on it,downloaded_image_163.jpg
a close up of a table with a lot of items on it,downloaded_image_164.jpg
a close up of a graph with a curve on a black background,downloaded_image_165.jpg
there are many different colored objects on a white surface,downloaded_image_166.jpg
a drawing of a circle with a pentagram and a letter d,downloaded_image_169.jpg
a triangle with a line that is drawn to the right and a line that is not parallel to,downloaded_image_170.jpg
surfers in the ocean with one man on a surfboard,downloaded_image_171.jpg
a black and white image of a tree with a triangle on it,downloaded_image_172.jpg
three men in suits and ties standing next to each other,downloaded_image_173.jpg
there are three toy cars and a motorcycle on a table,downloaded_image_174.jpg
a close up of a number of orange blocks on a white background,downloaded_image_176.jpg
a diagram of the different types of the eyeballs,downloaded_image_177.jpg
a picture shows a circle with a point on the center and a line of sight on the outside,downloaded_image_179.jpg
a graph showing the proportion of the population of the united states,downloaded_image_181.jpg
a drawing of a mouse moving along a curve with a mouse on top,downloaded_image_182.jpg
arafed man and woman posing for a picture at a party,downloaded_image_183.jpg
a picture of a triangle with three sides and three sides,downloaded_image_184.jpg
a circle with a central point and a central point on the side,downloaded_image_185.jpg
a close up of a clock with a red line on it,downloaded_image_187.jpg
a close up of a bar chart with a number of blocks,downloaded_image_189.jpg
arafed black and white photo of three women sitting on a stone bench,downloaded_image_190.jpg
a close up of a number of squares with different colors,downloaded_image_191.jpg
a graph of a number of telephone telephones in the world,downloaded_image_192.jpg
a close up of a bar chart with a number of people on it,downloaded_image_193.jpg
there are several different colored objects on a white surface,downloaded_image_194.jpg
a diagram of a bar graph with a line of data on it,downloaded_image_195.jpg
a drawing of a circle with a line drawn to the side,downloaded_image_196.jpg
arafed graph of different objects in different categoriess,downloaded_image_197.jpg
a triangle with three sides and three sides that are congructed,downloaded_image_198.jpg
arafed black and white photo of a man and a woman,downloaded_image_199.jpg
a diagram of a square with a line of symmetry and a line of symmetry,downloaded_image_200.jpg
a picture showing the side of a triangle with the base of the triangle and the base of the,downloaded_image_201.jpg
a diagram of the life cycle of a cat,downloaded_image_202.jpg
a close up of a clock with a blue frame and numbers,downloaded_image_205.jpg
a table with a number of writing stories and a table with a number of writing stories,downloaded_image_206.jpg
a table with a number of words and numbers on it,downloaded_image_207.jpg
there are four different types of toys that are on the table,downloaded_image_208.jpg
a black and white photo of a man and woman holding a box,downloaded_image_209.jpg
a graph that shows the slope of a curve with a point at the end,downloaded_image_211.jpg
a graphing function of a curve with a blue line,downloaded_image_213.jpg
a chart of the number of people who have been paid by the government,downloaded_image_214.jpg
a chart of the number of different types of teas in different countries,downloaded_image_215.jpg
there are two balls and a nut on a table,downloaded_image_216.jpg
boats are floating on a lake with mountains in the background,downloaded_image_218.jpg
a cross is shown with the coordinates of the coordinate,downloaded_image_219.jpg
a close up of a table with a price list for a kitchen,downloaded_image_220.jpg
a graphing curve with a green line going up to the right,downloaded_image_221.jpg
a close up of a leaf with different colors and sizes,downloaded_image_222.jpg
a close up of a digital clock with the time at,downloaded_image_225.jpg
a chart of the number of people who are in the world,downloaded_image_226.jpg
a table with a number of buttons and numbers on it,downloaded_image_227.jpg
a graphing line with a point on the center and a line at the bottom,downloaded_image_228.jpg
a screenshot of a bar chart showing the percentage of people who are using social media,downloaded_image_229.jpg
a diagram of a bar chart with the number of columns,downloaded_image_230.jpg
four different buttons and buttons are arranged on a pink background,downloaded_image_231.jpg
a close up of a ruler with a number on it,downloaded_image_233.jpg
a bar chart showing the number of people who are in the us,downloaded_image_234.jpg
a close up of a bowling ball and pins with a red bow,downloaded_image_235.jpg
a table with a number of employees with health care benefits,downloaded_image_236.jpg
a close up of a ruler with a number on it,downloaded_image_237.jpg
a map of the united states with states labeled in blue and gray,downloaded_image_238.jpg
a circle with a central point and a central point on the center,downloaded_image_239.jpg
a close up of a digital clock with a red frame,downloaded_image_240.jpg
"a square with four squares and the letters a, b, c, and d",downloaded_image_241.jpg
a chart of a bar chart with the number of people in each country,downloaded_image_242.jpg
arafed image of a man and woman walking down a path,downloaded_image_245.jpg
there are two pieces of yellow and grey plastic on a white surface,downloaded_image_246.jpg
a picture of a triangle with a line that is parallel to the side of it,downloaded_image_248.jpg
a screenshot of a plot with a curve and a function plot,downloaded_image_250.jpg
a diagram of a man walking on a ramp with a tree on it,downloaded_image_251.jpg
there are three different colored cubes and one ball on a table,downloaded_image_252.jpg
there are many different colored cubes and a ball on a table,downloaded_image_253.jpg
a diagram of a triangle with a line that is parallel to the other side,downloaded_image_254.jpg
a diagram of a bar graph with a line of data on it,downloaded_image_255.jpg
a plot of a line that is going through a curve,downloaded_image_256.jpg
a circle with a center and a center inscribed in the middle,downloaded_image_257.jpg
a table with a number of office sizes and a square meter,downloaded_image_258.jpg
a diagram of a curve with a line going through it,downloaded_image_259.jpg
a diagram of a rectangular prism with a side angle of,downloaded_image_260.jpg
skiers holding their trophies and posing for a picture on the podium,downloaded_image_262.jpg
a graphing function of a curve with a blue line,downloaded_image_263.jpg
a triangle with three sides and three sides that are congructed,downloaded_image_265.jpg
a close up of a bar chart with different types of objects,downloaded_image_267.jpg
cartoon of two people standing in a field with a fire and a dog,downloaded_image_269.jpg
a table with boxes of girl scout cookies sold by day,downloaded_image_271.jpg
a square with a right triangle and a right triangle with a right triangle,downloaded_image_273.jpg
"a diagram of a food web with a dog, a cat, a chicken, a banana",downloaded_image_276.jpg
a table with a number of different types of information,downloaded_image_277.jpg
a diagram of a bar chart with a bar chart of the different products,downloaded_image_278.jpg
a picture of a triangle with a line of three intersectings,downloaded_image_281.jpg
there are three toy cars and a bicycle on a table,downloaded_image_282.jpg
a circle with two intersecting segments and a center with a center at the end,downloaded_image_283.jpg
there are many different toys that are on a table,downloaded_image_284.jpg
there are many different colored paper airplanes and cars on the table,downloaded_image_285.jpg
a graph showing the number of preferred objects in a project,downloaded_image_286.jpg
there are three balls and two cubes on a table,downloaded_image_287.jpg
a bar chart showing the number of people who are using social media,downloaded_image_289.jpg
a graph showing the percentage of people who are using the internet,downloaded_image_290.jpg
a diagram of a triangle with three intersecting sides and a line of symmetry,downloaded_image_291.jpg
there are three different colored cubes on a white surface,downloaded_image_293.jpg
a close up of a table with a number of hours on it,downloaded_image_294.jpg
there are several different colored objects on a white surface,downloaded_image_295.jpg
purple scooter with a toothbrush and a toothbrush holder,downloaded_image_296.jpg
a close up of a circle with a center and a center on it,downloaded_image_298.jpg
there are three toy cars and a bike and a car and a bike,downloaded_image_299.jpg
a chart showing the number of installations installed in a residential energy capacity,downloaded_image_300.jpg
there are two toy motorcycles and a toy car on a table,downloaded_image_301.jpg
a triangle with three sides and three sides that are congructed,downloaded_image_302.jpg
skier in red jacket skiing down a snowy slope with trees in the background,downloaded_image_303.jpg
"a diagram of a diagram of a cricket game with the words cricket, rat, owl, grass",downloaded_image_304.jpg
a cartoon of a man using a camera to see a picture,downloaded_image_305.jpg
a table with a number of pets and names on it,downloaded_image_306.jpg
a graphing curve with a curve of three different lengths and a number of different numbers,downloaded_image_307.jpg
a table with a number of autographs and a table with a number of autographs,downloaded_image_308.jpg
a close up of a ruler with a plant growing on it,downloaded_image_310.jpg
a triangle with three intersectings and three intersectings on it,downloaded_image_311.jpg
a picture of a diagram of a line with three intersectings,downloaded_image_314.jpg
a diagram of a curved object with a line of symmetry,downloaded_image_315.jpg
a diagram of a bar chart with data about different types of data,downloaded_image_316.jpg
there are three different colored balls and a box on a table,downloaded_image_317.jpg
a diagram of a line graph with a blue triangle and a line graph with a blue triangle,downloaded_image_319.jpg
a table with a number of different sizes and measurements of the sewing machine,downloaded_image_322.jpg
there are many different colored objects on a white surface,downloaded_image_323.jpg
a triangle with three sides and three sides that are congructed,downloaded_image_324.jpg
a diagram of the different types of food that are in the food chain,downloaded_image_325.jpg
there are three different types of toy vehicles and a bus,downloaded_image_326.jpg
arafed image of a man and a woman standing at a podium,downloaded_image_327.jpg
a diagram of a life cycle of animals and plants,downloaded_image_328.jpg
a diagram of a data table with data and data in it,downloaded_image_330.jpg
a diagram of the different types of food that are in the food chain,downloaded_image_332.jpg
there are four different colored objects on a white surface,downloaded_image_333.jpg
a close up of a ruler with a number on it,downloaded_image_334.jpg
a diagram of a triangle with a side of a triangle and a side of a triangle with a,downloaded_image_335.jpg
a diagram of a bar chart with a line graph of different types of data,downloaded_image_336.jpg
a circle with a point and a line that is inscribed in the center,downloaded_image_337.jpg
a chart of the number of people who have been paid by the government,downloaded_image_338.jpg
there are many toy vehicles and a bus on the table,downloaded_image_339.jpg
a close up of a pie chart with a pie chart in the middle,downloaded_image_340.jpg
a circle with a center and a center inscribed in it,downloaded_image_341.jpg
a table with a number of food preparation times and a table with a number of food preparation times,downloaded_image_343.jpg
a table with a number of items on it and a red gumdrops per bag,downloaded_image_344.jpg
a diagram of a bird that is flying over a grass field,downloaded_image_345.jpg
there are many different toy vehicles and a bus on the table,downloaded_image_346.jpg
there is a train that is parked on the tracks with its doors open,downloaded_image_348.jpg
a screenshot of a bar chart showing the number of people in the united states,downloaded_image_349.jpg
a circle with a center and a center at the end of it,downloaded_image_350.jpg
a diagram of a food web with animals and plants,downloaded_image_351.jpg
a close up of a graph with a bar chart on it,downloaded_image_352.jpg
there are several different colored objects on a white surface,downloaded_image_353.jpg
a table with a number of office sizes and measurements,downloaded_image_354.jpg
a green rectangular tile with a white border,downloaded_image_355.jpg
arafed man adjusting a woman's bow tie in a black and white photo,downloaded_image_356.jpg
arafed image of a man and a woman standing behind a podium,downloaded_image_358.jpg
a close up of a ruler with a pencil on it,downloaded_image_360.jpg
a close up of a table with a number of items on it,downloaded_image_361.jpg
arafed man in a suit reading a newspaper in a room,downloaded_image_363.jpg
"there is a pizza with an egg, ham, and mushrooms in it",downloaded_image_364.jpg
a triangle with three sides and three sides that are congructed,downloaded_image_366.jpg
a close up of a fire truck with different types of fire engines,downloaded_image_367.jpg
there is a toy car and a toy motorcycle on a table,downloaded_image_368.jpg
arafed image of a man and woman sitting next to each other,downloaded_image_369.jpg
a close up of a ruler with a plant growing on it,downloaded_image_370.jpg
a screenshot of a graph showing the number of people who are using twitter,downloaded_image_371.jpg
a close up of a polar chart with a circle on the center,downloaded_image_372.jpg
there are various toy vehicles and a bicycle on a table,downloaded_image_373.jpg
a diagram of a series of graphs showing the different types of clips,downloaded_image_375.jpg
a triangle with three sides and three angles that are parallel,downloaded_image_376.jpg
there are many different types of toys that are on the table,downloaded_image_377.jpg
there are many different toy vehicles and a motorcycle on the table,downloaded_image_378.jpg
a picture of a triangle with a side angle of,downloaded_image_379.jpg
a diagram of a rectangle with a number of sides and a number of sides,downloaded_image_380.jpg
a square with three sides and three sides with a number on it,downloaded_image_382.jpg
a drawing of a circle with a center and a center with a center,downloaded_image_383.jpg
a close up of a metal object with a long line of lines,downloaded_image_384.jpg
a table with a number of houses per block and a table with a number of houses per block,downloaded_image_385.jpg
a close up of a fire truck with different stages of fire,downloaded_image_386.jpg
arafed black and white photo of a man and woman posing for a picture,downloaded_image_387.jpg
a close up of a table with a number of items on it,downloaded_image_388.jpg
there is a close up of a measuring glass with a lot of water,downloaded_image_389.jpg
there are three toy cars and a toy plane on a table,downloaded_image_390.jpg
"there is a bathroom with a sink, toilet, and shower in it",downloaded_image_392.jpg
a close up of a document with a number of items on it,downloaded_image_393.jpg
there are a lot of different toys that are on the table,downloaded_image_394.jpg
a table with a number of hours and dates for a tour bus,downloaded_image_395.jpg
three men on a podium holding up flowers and a trophy,downloaded_image_396.jpg
"a close up of a circle with the letters a, b, and c in it",downloaded_image_397.jpg
a close up of a bar chart with a number of bars,downloaded_image_399.jpg
there are many different colored balls and cubes on the table,downloaded_image_400.jpg
a close up of a pie chart with a circle in the middle,downloaded_image_401.jpg
"a graph showing average precipitation in london, england",downloaded_image_403.jpg
a triangle with three sides and three sides that are parallel,downloaded_image_404.jpg
there are a lot of toy cars and a bus on the table,downloaded_image_405.jpg
a close up of a bar chart with a number of different values,downloaded_image_406.jpg
a diagram of a rectangle with three sides and three sides,downloaded_image_407.jpg
a plot of a line that is going through a curve,downloaded_image_409.jpg
there is a train that is going down the tracks near a building,downloaded_image_410.jpg
there is a toy car and a toy airplane on a table,downloaded_image_411.jpg
a black and white image of a cross with the number,downloaded_image_413.jpg
a diagram of a circle with a center and a center at the end,downloaded_image_414.jpg
a close up of a black and white photo of a piano keyboard,downloaded_image_416.jpg
a close up of a pie chart with different colors of pie,downloaded_image_417.jpg
there are two toy airplanes and a toy car on a table,downloaded_image_418.jpg
a close up of a ruler with a number on it,downloaded_image_419.jpg
a diagram of a food chain with many different foods,downloaded_image_420.jpg
a circle with a center and a center inscribed in the middle,downloaded_image_421.jpg
a circle with a center and a center at the end of it,downloaded_image_422.jpg
a graph showing the percentage of sales statistics for different items,downloaded_image_423.jpg
a close up of a bar chart with a number of squares,downloaded_image_424.jpg
there are many different colored objects on a white surface,downloaded_image_425.jpg
a close up of a ruler with a number on it,downloaded_image_426.jpg
a picture of a picture of a picture of a picture of a picture of a picture of a,downloaded_image_427.jpg
there are many different toy vehicles and a bus on a table,downloaded_image_428.jpg
a picture of a rectangle with a line of symmetry and a line of symmetry,downloaded_image_429.jpg
arafed graph of house prices and the average price of a home,downloaded_image_430.jpg
there are many different types of toys that are on the table,downloaded_image_431.jpg
there are three toy vehicles and a bike on a table,downloaded_image_432.jpg
a picture showing a line that is parallel to two other lines,downloaded_image_433.jpg
a close up of a square with a few squares in it,downloaded_image_434.jpg
a circle with a line that is drawn to the center and a line that is not in the,downloaded_image_435.jpg
a close up of a number of blue squares on a white background,downloaded_image_436.jpg
there are many different colored objects on a white surface,downloaded_image_437.jpg
older man and woman standing next to each other in a room,downloaded_image_438.jpg
a diagram of the life cycle of a fish,downloaded_image_439.jpg
there are several different colored objects on a white surface,downloaded_image_440.jpg
a picture of a triangle with a line of three intersectings,downloaded_image_441.jpg
a diagram of a curve with a slope and a point at the end,downloaded_image_442.jpg
a diagram of a cone with a base plane and a base plane,downloaded_image_443.jpg
there are two men in suits standing next to each other,downloaded_image_445.jpg
a diagram of a bar chart with the number of water and the number of water,downloaded_image_448.jpg
a table with a number of different numbers on it,downloaded_image_450.jpg
a diagram of a triangle with three sides and three angles,downloaded_image_451.jpg
there are many different colored cubes and a small one,downloaded_image_452.jpg
a diagram of a line that is parallel to two other lines,downloaded_image_453.jpg
a triangle with three sides and three sides that are congructed,downloaded_image_455.jpg
a close up of a ruler with a number on it,downloaded_image_456.jpg
there are many toy cars and bicycles on a table,downloaded_image_457.jpg
a triangle with a side angle of,downloaded_image_458.jpg
a graphing curve with a green line going up to the right,downloaded_image_459.jpg
a picture showing a diagram of a plane with three intersecting lines,downloaded_image_460.jpg
a circle with a line that is drawn to the center and a point at the end,downloaded_image_461.jpg
a graph showing the percentage of different datas in different data types,downloaded_image_462.jpg
actors posing for a picture at a movie event,downloaded_image_463.jpg
a close up of a ruler with a number on it,downloaded_image_464.jpg
a close up of a pie chart with a pie chart in the middle,downloaded_image_465.jpg
a diagram of a line graph with a line graph of different colors,downloaded_image_468.jpg
there are many toy cars and a motorcycle on a table,downloaded_image_469.jpg
there are several different colored objects on a white surface,downloaded_image_470.jpg
a row of watches with different time zones and numbers,downloaded_image_472.jpg
a number line with four squares and a question mark,downloaded_image_474.jpg
a graphing line with a point on the center and a line at the bottom,downloaded_image_475.jpg
a triangle with three sides and three sides that are congructed,downloaded_image_476.jpg
a graph showing the number of different types of ice creams,downloaded_image_479.jpg
a close up of a diagram of a variety of animals,downloaded_image_480.jpg
a graph showing the average and average time of a person to go to work,downloaded_image_481.jpg
a picture of a triangle with a side angle of,downloaded_image_482.jpg
a close up of a pie chart with a circle in the middle,downloaded_image_483.jpg
a diagram of a circle with a center and a center at the end,downloaded_image_484.jpg
a close up of a green and white background with a number of squares,downloaded_image_485.jpg
there are two toy buses and a bicycle on a table,downloaded_image_486.jpg
there are two cubes and a ball on a table,downloaded_image_487.jpg
arafed image of a man and a woman shaking hands in front of flags,downloaded_image_488.jpg
a close up of a ruler with a screw on it,downloaded_image_489.jpg
a table with a number of different temperatures and the same temperature,downloaded_image_490.jpg
a picture showing a triangle with a side of a triangle and a side of a triangle with a,downloaded_image_492.jpg
a picture of a triangle with the sides of two triangles and the sides of two triangles,downloaded_image_493.jpg
there are many different colored objects on a white surface,downloaded_image_494.jpg
a close up of a menu listing with prices of different foods,downloaded_image_495.jpg
a diagram of a plane with a line going through it,downloaded_image_496.jpg
a drawing of a circle with a line going through it,downloaded_image_497.jpg
a diagram of a plant life cycle with the names of the plants,downloaded_image_498.jpg
a close up of a bar chart with a number of people on it,downloaded_image_499.jpg
a close up of a graph with a line going through it,downloaded_image_500.jpg
