text,file_name
"a graph showing the number of different taxes per business in the us",downloaded_image_t11.jpg
"there are four toy vehicles that are sitting on a table",downloaded_image_t12.jpg
"a table with a number of different teams and numbers",downloaded_image_t13.jpg
"a table with a number of players and their score",downloaded_image_t14.jpg
"a circle with a line that is drawn in the middle of it",downloaded_image_t15.jpg
"a table with a number of students receiving scholarships in the year",downloaded_image_t16.jpg
"a close up of a bar chart with different types of items",downloaded_image_t17.jpg
"a table with a number of entries and a table number of entries",downloaded_image_t18.jpg
"a diagram of a bar chart with the most preferred objects of different categoriess",downloaded_image_t19.jpg
"a close up of a digital clock with the time on the display",downloaded_image_t110.jpg
"a diagram of a sphere with a volume of",downloaded_image_t111.jpg
"a diagram of a square with",downloaded_image_t113.jpg
"a map of the united states with the most people in each state",downloaded_image_t114.jpg
"a triangle with three sides and three sides that are congructed",downloaded_image_t115.jpg
"a table with a pie and a pies baked number of pies",downloaded_image_t117.jpg
"a green and white image of a number of green squares",downloaded_image_t118.jpg
"a close up of a clock with a pink and white face",downloaded_image_t120.jpg
"a graphing function of a line with a slope and a point on it",downloaded_image_t121.jpg
"there are a few small toys that are on a table",downloaded_image_t122.jpg
"a diagram of a wave with a point at the center and a point at the bottom",downloaded_image_t124.jpg
"a diagram of a square with",downloaded_image_t125.jpg
"two men in suits shaking hands in a room with a painting",downloaded_image_t127.jpg
"a close up of a snowflake pattern on a white background",downloaded_image_t128.jpg
"there are several different colored objects on a white surface",downloaded_image_t129.jpg
"a chart of the number of preferred objects in a computer",downloaded_image_t130.jpg
"cartoon of a woman and a man standing next to a pond",downloaded_image_t131.jpg
"a close up of a graph with a line going up and a line going down",downloaded_image_t133.jpg
"a graph showing the number of child - related children in primary school in the country",downloaded_image_t134.jpg
"a triangle with a side of a triangle and a side of a triangle",downloaded_image_t135.jpg
"a diagram of a graph with a line of orange and blue",downloaded_image_t136.jpg
"a close up of a number of cubes with a number of smaller ones",downloaded_image_t137.jpg
"a picture of a picture of a fruit and vegetable addition",downloaded_image_t138.jpg
"a rectangular is shown with the perimeter of the trapoid above",downloaded_image_t139.jpg
"a table with a number of hockey games on it",downloaded_image_t142.jpg
"there are three balls and two cubes on a table",downloaded_image_t143.jpg
"a close up of a ruler with a green leaf on it",downloaded_image_t144.jpg
"a bar chart showing the number of people who are using the internet",downloaded_image_t145.jpg
"there are a lot of toy cars and a toy airplane",downloaded_image_t148.jpg
"a close up of a ruler with a number on it",downloaded_image_t149.jpg
"arafed graph of the number of people who have been reported on social media",downloaded_image_t150.jpg
"there are a lot of different toy airplanes and a bus",downloaded_image_t152.jpg
"there are two small toy motorcycles that are on a table",downloaded_image_t156.jpg
"a diagram of a triangle with three intersecting sides and a line of symmetry",downloaded_image_t158.jpg
"a circle with a center and a center at the end of it",downloaded_image_t159.jpg
"a table with a number of taxes and taxes on it",downloaded_image_t161.jpg
"a close up of a pencil and ruler with a number",downloaded_image_t162.jpg
"there are many different colored bicycles and a bus on the table",downloaded_image_t163.jpg
"a triangle with three sides and three sides that are congructed",downloaded_image_t164.jpg
"a picture of a picture of a number line with hearts and arrows",downloaded_image_t165.jpg
"there are three balls and a cube on a table",downloaded_image_t168.jpg
"skier in red jacket skiing down a snowy slope with trees in the background",downloaded_image_t170.jpg
"arafed photo of two children sitting on a chair in a room",downloaded_image_t171.jpg
"a close up of a graph with a curve on a black background",downloaded_image_t172.jpg
"a diagram of a plot with a line of dots and a line of dots",downloaded_image_t173.jpg
"a diagram of a curve with a line of different colors",downloaded_image_t174.jpg
"a close up of a clock with a different time zones",downloaded_image_t175.jpg
"a diagram of a triangle with three intersecting lines and a line that is parallel to the other",downloaded_image_t176.jpg
"three men in suits and ties standing next to each other",downloaded_image_t179.jpg
"a close up of a pie chart with different colors of the pie",downloaded_image_t180.jpg
"a purple rectangular frame with a purple border",downloaded_image_t181.jpg
"a circle with a center and a center on a coordinate",downloaded_image_t182.jpg
"there are five different colored boxes and one green one blue and one yellow",downloaded_image_t183.jpg
"a graph showing the number of people who have been paid by the internet",downloaded_image_t184.jpg
"they are sitting in a red car with a man and woman",downloaded_image_t185.jpg
"they are two men in white shirts and bow ties giving thumbs up",downloaded_image_t186.jpg
"a close up of a purple and white striped pattern with a black border",downloaded_image_t187.jpg
"a close up of a bar chart with a number of bars",downloaded_image_t189.jpg
"a diagram of a triangle with a side angle and a side angle",downloaded_image_t195.jpg
"a picture of a triangle with a side of a triangle and a side of a triangle with a",downloaded_image_t197.jpg
"a diagram of a line graph with a line graph of a bar graph",downloaded_image_t198.jpg
"there are three different colored objects on a white surface",downloaded_image_t199.jpg
"there are two men standing next to each other in a room",downloaded_image_t1100.jpg
"a diagram of a triangle with a side of a triangle and a side of a triangle",downloaded_image_t1101.jpg
"a diagram of a bar chart with data and data in it",downloaded_image_t1102.jpg
"a table with a number of running miles and a number of miles",downloaded_image_t1104.jpg
"a diagram of a bar chart with different types of work drawn",downloaded_image_t1105.jpg
"a chart showing the percentage of people who are using social media",downloaded_image_t1107.jpg
"there are many different types of toys on the table",downloaded_image_t1108.jpg
"a close up of a pie chart with a number of different colors",downloaded_image_t1109.jpg
"a graph showing the number of students in each class of the school",downloaded_image_t1110.jpg
"a close up of a ruler with a plant growing on it",downloaded_image_t1111.jpg
"a drawing of a triangle with three intersectings and a line of three intersectings",downloaded_image_t1112.jpg
"a close up of a pie chart with different colors of pie",downloaded_image_t1113.jpg
"a chart of a bar chart with a number of different types of ice cream",downloaded_image_t1114.jpg
"a circle with a triangle and a point on the center",downloaded_image_t1116.jpg
"a screenshot of a computer screen showing a graphing function",downloaded_image_t1117.jpg
"arafed bar chart showing the percentage of people who are using social media",downloaded_image_t1118.jpg
"a close up of a table with a number of newspapers",downloaded_image_t1120.jpg
"a screenshot of a bar chart showing the percentage of people who are paying for a new apartment",downloaded_image_t1121.jpg
"ducks and geese are walking along the side of a river",downloaded_image_t1123.jpg
"a box with a square and a rectangle on it",downloaded_image_t1124.jpg
"arafed living room with a couch, chair, table, and lamp",downloaded_image_t1125.jpg
"arafed curve of a line with a blue line going down it",downloaded_image_t1127.jpg
"there are several different colored objects on a white surface",downloaded_image_t1128.jpg
"a chart showing the number of commercial banks in the united states",downloaded_image_t1129.jpg
"a picture of a graph with a line that has a point on it",downloaded_image_t1130.jpg
"a close up of a table with a number of signs",downloaded_image_t1131.jpg
"a table with a price list for zoo tickets and a price list for a ticket",downloaded_image_t1132.jpg
"a drawing of a triangle with three intersecting sides and a line of three intersecting sides",downloaded_image_t1133.jpg
"there are many different types of toys that are on the table",downloaded_image_t1134.jpg
"an old black and white photo of a man and woman standing next to each other",downloaded_image_t1135.jpg
"there are three toy vehicles and a bus on a table",downloaded_image_t1136.jpg
"a picture of a number of squares with pink and blue shapes",downloaded_image_t1137.jpg
"there are two different colored objects on a white surface",downloaded_image_t1138.jpg
"there are two different colored objects on the floor next to each other",downloaded_image_t1141.jpg
"a close up of a table with a number of items on it",downloaded_image_t1142.jpg
"a table with prices of cars and bikes for ferry fares",downloaded_image_t1143.jpg
"a close up of a bar chart with a number of people",downloaded_image_t1145.jpg
"arafed image of a man and woman dancing in a black and white photo",downloaded_image_t1146.jpg
"a close up of a circle with the center and the middle of it",downloaded_image_t1147.jpg
"there is a man sleeping in bed with a cat on the side",downloaded_image_t1149.jpg
"there are many toy cars and a toy plane on a table",downloaded_image_t1150.jpg
"there are three different colored objects on a white surface",downloaded_image_t1151.jpg
"a close up of a graph with a line graph on it",downloaded_image_t1153.jpg
"two men in suits sitting at a table with flags behind them",downloaded_image_t1154.jpg
"a picture of a diagram of a square with a right triangle",downloaded_image_t1157.jpg
"there is a toy bus and a bicycle next to a box",downloaded_image_t1159.jpg
"a triangle with a side angle and a side angle of the triangle",downloaded_image_t1160.jpg
"a chart of the percentage of people who are preferred objects in the past",downloaded_image_t1162.jpg
"there are many different toys that are on the table",downloaded_image_t1163.jpg
"a graph of average temperature in cape town, south africa",downloaded_image_t1164.jpg
"there are four different colored objects on a white surface",downloaded_image_t1165.jpg
"there are three different colored objects on a white surface",downloaded_image_t1166.jpg
"arafed family sitting at a table with plates of food",downloaded_image_t1167.jpg
"a diagram of a bird, rabbit, and grasshoppers life cycle",downloaded_image_t1168.jpg
"a diagram of a triangle with three sides and three angles",downloaded_image_t1169.jpg
"there are many different colored objects on a white surface",downloaded_image_t1170.jpg
"a close up of a pie chart with different colors of pie",downloaded_image_t1171.jpg
"there are three different colored objects sitting on a white surface",downloaded_image_t1172.jpg
"a diagram of a circle with a center and a center at the end",downloaded_image_t1174.jpg
"a diagram of the life cycle of a frog",downloaded_image_t1175.jpg
"a diagram of a straight line with a right angle and a right angle",downloaded_image_t1178.jpg
"a chart of the percentage of people who are in the dark",downloaded_image_t1180.jpg
"mountains in the distance with a body of water in the foreground",downloaded_image_t1182.jpg
"a diagram of a curve with a slope and a point at the end",downloaded_image_t1183.jpg
"a drawing of a triangle with two circles on it",downloaded_image_t1184.jpg
"a close up of a ruler with a screw on it",downloaded_image_t1185.jpg
"a graph showing the average number of children who received treatment for diabetes",downloaded_image_t1186.jpg
"a close up of a clock with a pink frame and numbers",downloaded_image_t1187.jpg
"a close up of a ruler with a number on it",downloaded_image_t1188.jpg
"a diagram of a fish shark and a fish shark",downloaded_image_t1189.jpg
"a chart showing the number of people who are using social media",downloaded_image_t1190.jpg
"there are two cubes and a ball on a table",downloaded_image_t1191.jpg
"a table with a number of schools in each town",downloaded_image_t1192.jpg
"there are three balls and a cube on a table",downloaded_image_t1193.jpg
"two men standing next to each other holding a football",downloaded_image_t1194.jpg
"a close up of a pie chart with different colors of pie",downloaded_image_t1195.jpg
"a graphing function of a line with a slope and a point on it",downloaded_image_t1196.jpg
"a close up of a table with a number of items on it",downloaded_image_t1198.jpg
"a picture shows a circle with a point on the side and a line of sight on the other",downloaded_image_t1199.jpg
"a close up of a ruler with a wooden handle on a white background",downloaded_image_t1200.jpg
"there are three balls of different colors on a white surface",downloaded_image_t1202.jpg
"a table with a list of the different types of food",downloaded_image_t1203.jpg
"a diagram of a triangle with a point at the end of it",downloaded_image_t1204.jpg
"a graph showing the number of objects in a room that are not in use",downloaded_image_t1205.jpg
"a triangle with a side of a triangle and a side of a triangle with a side of a",downloaded_image_t1206.jpg
"a close up of a ruler with a plant growing on it",downloaded_image_t1208.jpg
"a close up of a clock with a green frame and numbers",downloaded_image_t1210.jpg
"there are many different colored balls and cubes on the table",downloaded_image_t1211.jpg
"arafed image of a group of different colored objects on a white surface",downloaded_image_t1212.jpg
"a close up of a row of orange bookshelves with a white background",downloaded_image_t1214.jpg
"a drawing of a grasshopper cycle with a few insects",downloaded_image_t1215.jpg
"there are many different colored objects on a white surface",downloaded_image_t1217.jpg
"a chart of the number of students who have completed a math test",downloaded_image_t1218.jpg
"a triangle with a side of",downloaded_image_t1219.jpg
"a chart showing the percentage of people who are paying for a government",downloaded_image_t1220.jpg
"a diagram of a food web with a dog, a cat, a chicken, a banana,",downloaded_image_t1221.jpg
"a diagram of a bar chart with the most preferred objects of different categoriess",downloaded_image_t1222.jpg
"a plot of a line that is going through a curve",downloaded_image_t1225.jpg
"arafed map of the united states with the highest health coverage",downloaded_image_t1226.jpg
"a close up of a clock with a purple frame and numbers",downloaded_image_t1227.jpg
"two men shaking hands in front of a large screen with flags",downloaded_image_t1228.jpg
"arafed photo of a group of wrestlers posing for a picture",downloaded_image_t1229.jpg
"there are two different colored objects on a white surface",downloaded_image_t1230.jpg
"a diagram of a triangle with three intersecting sides and three intersecting sides",downloaded_image_t1231.jpg
"a diagram of the solar system with the planets and their sun",downloaded_image_t1233.jpg
"a diagram of a square with a right triangle and a right triangle",downloaded_image_t1237.jpg
"arafed president obama speaking at a podium with two women and a man",downloaded_image_t1238.jpg
"two men in suits shaking hands in a room with a gold statue",downloaded_image_t1239.jpg
"there are three different types of toy airplanes and a bus",downloaded_image_t1240.jpg
"there are three different colored balls and a blue cylinder on a table",downloaded_image_t1241.jpg
"there are three different colored objects on a white surface",downloaded_image_t1242.jpg
"arafed graph of the number of people who have been reported in the united states",downloaded_image_t1243.jpg
"a triangle with a side angle of",downloaded_image_t1247.jpg
"a chart of the number of different types of gold in different countries",downloaded_image_t1248.jpg
"a diagram of a food web with various animals and plants",downloaded_image_t1251.jpg
"a close up of a row of christmas lights with a white background",downloaded_image_t1257.jpg
"there are three toy cars and a bus on a white surface",downloaded_image_t1260.jpg
"there are several different colored objects on a white surface",downloaded_image_t1261.jpg
"a diagram of a triangle with three intersecting sides and a line of intersection",downloaded_image_t1262.jpg
"a graphing curve with a blue line going up the side",downloaded_image_t1263.jpg
"a close up of a number of different colored leaves",downloaded_image_t1264.jpg
"people walking down a walkway with umbrellas in the rain",downloaded_image_t1265.jpg
"a table with a number of different drinks and prices",downloaded_image_t1266.jpg
"a graphed line with a point on the center and a line at the bottom",downloaded_image_t1267.jpg
"a close up of a bar chart with a number of different types of items",downloaded_image_t1269.jpg
"a graphing plot of a curve with a line of equal and a curve of equal",downloaded_image_t1270.jpg
"a circle with a triangle and a point on the center",downloaded_image_t1271.jpg
"a screenshot of a bar chart with a line graph and a line graph",downloaded_image_t1273.jpg
"a diagram of a fox, snake, rabbit, snake, snake, snake, field mouse,",downloaded_image_t1274.jpg
"a diagram of the planets and their major planets",downloaded_image_t1275.jpg
"there are many different toy vehicles and a bus on the table",downloaded_image_t1276.jpg
"a close up of a ruler with a plant growing on it",downloaded_image_t1280.jpg
"a close up of a number of different lines of writing",downloaded_image_t1283.jpg
"a close up of a pie chart with a few different pies",downloaded_image_t1285.jpg
"a circle with a center and a center inscribed in the middle",downloaded_image_t1287.jpg
"a circle with a center and a center inscribed in it",downloaded_image_t1288.jpg
"a close up of a circle with a half of it in the middle",downloaded_image_t1289.jpg
"there are many toy cars and a bus on the table",downloaded_image_t1290.jpg
"a circle with a center and a center inscribed in it",downloaded_image_t1291.jpg
"a close up of a ct scan of a dog's head",downloaded_image_t1292.jpg
"a picture showing the area of a rectangle with the sides of the rectangle",downloaded_image_t1294.jpg
"a triangle with the base of the triangle and the base of the triangle",downloaded_image_t1295.jpg
"a diagram of a horizontal line with a x and x on it",downloaded_image_t1296.jpg
"a chart showing the number of people who are in the world with the same number of people",downloaded_image_t1297.jpg
"woman in car with cake and drink in hand",downloaded_image_t1298.jpg
"a picture of a triangle with three intersectings and three triangles",downloaded_image_t1299.jpg
"a chart of sales statistics for different items",downloaded_image_t1300.jpg
"there are three different colored cubes and a ball on a table",downloaded_image_t1301.jpg
"a close up of a ruler with a number on it",downloaded_image_t21.jpg
"a diagram of a circle with a center and a center at the end",downloaded_image_t22.jpg
"a diagram of a set of four squares with a red dot on each of them",downloaded_image_t25.jpg
"a close up of a graph with a line of data on it",downloaded_image_t26.jpg
"arafed graph of the number of people who are in the area",downloaded_image_t27.jpg
"a diagram of a line that is parallel to the point of a line",downloaded_image_t28.jpg
"a diagram of a hexagonal area with a height of",downloaded_image_t29.jpg
"cartoon of a man standing in a living room with a plant",downloaded_image_t210.jpg
"there are three different colored cylinders and a ball on a table",downloaded_image_t211.jpg
"they are two people sitting at a table with a glass of wine",downloaded_image_t212.jpg
"a picture showing a triangle with a side of a triangle and a side of a triangle with a",downloaded_image_t213.jpg
"a graphing curve with a curve of three different lengths and a number of different numbers",downloaded_image_t215.jpg
"a diagram of a network of different types of food",downloaded_image_t216.jpg
"there are several different colored objects on a white surface",downloaded_image_t217.jpg
"a diagram of a triangle with a height of",downloaded_image_t218.jpg
"a close up of a sheet of paper with a graph on it",downloaded_image_t219.jpg
"cartoon of a woman walking down a path in a park",downloaded_image_t220.jpg
"a chart of percentage of women who received anticreed therapy in",downloaded_image_t221.jpg
"a diagram of a circle with a point at the center and a point at the end",downloaded_image_t222.jpg
"there are several different colored objects on a white surface",downloaded_image_t224.jpg
"a diagram of a circle with a line that is perpendicular to the center",downloaded_image_t225.jpg
"two women in white shirts standing next to each other",downloaded_image_t226.jpg
"arafed black and white photograph of three men in suits and ties",downloaded_image_t227.jpg
"araful city bus on a city street with buildings in the background",downloaded_image_t228.jpg
"a screenshot of a computer screen showing a graphing function",downloaded_image_t229.jpg
"there are a few toy cars and a motorcycle on a table",downloaded_image_t230.jpg
"a circle with a center and a center inscribed in the middle",downloaded_image_t231.jpg
"a close up of a text that has been altered to look like it is written in black",downloaded_image_t232.jpg
"a triangle with three sides and three sides that are congructed",downloaded_image_t235.jpg
"a close up of a bar chart with a number of columns",downloaded_image_t236.jpg
"there is a bathroom with a bathtub, shelves, and a mirror",downloaded_image_t239.jpg
"a diagram of a curve with a line of different colors",downloaded_image_t240.jpg
"a graphing wave is shown with the same amplitude as the other wave",downloaded_image_t241.jpg
"there are two people on the beach flying a kite",downloaded_image_t242.jpg
"arafed black and white photo of a man and a woman",downloaded_image_t244.jpg
"a close up of a graph with a curve on a black background",downloaded_image_t245.jpg
"there are many different shapes and sizes of objects on the table",downloaded_image_t246.jpg
"a diagram of a bar chart with different types of people",downloaded_image_t247.jpg
"there are four different colored cylinders and one is a cube",downloaded_image_t250.jpg
"a picture of a number of red and white kites with one missing",downloaded_image_t251.jpg
"a close up of a table with a number of items on it",downloaded_image_t252.jpg
"there are three different colored cubes and one is a ball",downloaded_image_t253.jpg
"a chart showing the percentage of people who are using social media",downloaded_image_t254.jpg
"there are a lot of different toys that are on the table",downloaded_image_t255.jpg
"arafed woman in a gray jacket and black dress standing next to a man in a suit",downloaded_image_t256.jpg
"there are three balls and a cube on a table",downloaded_image_t257.jpg
"a close up of a kite with four sides and four sides",downloaded_image_t258.jpg
"a table with a number of participants per race",downloaded_image_t259.jpg
"a circle with four sides and four sides with the same center",downloaded_image_t261.jpg
"there are several balls and a cylinder on a table",downloaded_image_t262.jpg
"a chart of the percentage of people who are fighting for their rights",downloaded_image_t263.jpg
"a diagram of a tree with the four parts labeled",downloaded_image_t264.jpg
"a triangle with the sides of two triangles and one side of the triangle",downloaded_image_t266.jpg
"a cross is shown with the coordinates of the coordinate",downloaded_image_t268.jpg
"arafed image of two men shaking hands in a room",downloaded_image_t269.jpg
"a table with a number of different types of data",downloaded_image_t271.jpg
"a graph showing the number of people who are using social media",downloaded_image_t272.jpg
"two men sitting on the back of a truck with a camera",downloaded_image_t273.jpg
"a diagram of a whale and its surroundings",downloaded_image_t275.jpg
"a close up of a ruler with a wooden handle on a white background",downloaded_image_t276.jpg
"a circle with a point at the center and a point at the end",downloaded_image_t278.jpg
"a picture showing the area of a triangle with a side of a triangle",downloaded_image_t280.jpg
"a close up of a ruler with a number on it",downloaded_image_t281.jpg
"a chart showing the number of people who have been hospitalized in the hospital",downloaded_image_t282.jpg
"a diagram of a bar chart with the number of values in each column",downloaded_image_t284.jpg
"a picture showing the area of a square with a",downloaded_image_t286.jpg
"a graph showing the number of people in a city with a population of about",downloaded_image_t287.jpg
"a diagram of a circle with a center and a center on it",downloaded_image_t289.jpg
"a diagram of a line that has three parallel lines",downloaded_image_t290.jpg
"a table with a number of different types of the same type of data",downloaded_image_t293.jpg
"a graph showing the percentage of people who have access to electricity in the country",downloaded_image_t295.jpg
"a diagram of a triangle with two sides and a second side",downloaded_image_t299.jpg
"a table with a number of different names and numbers",downloaded_image_t2100.jpg
"a screenshot of a graph showing the number of people who have visited the united states",downloaded_image_t2101.jpg
"a diagram of a fish and other animals that are in the water",downloaded_image_t2102.jpg
"a pie chart of the percentage of people who are in the united states",downloaded_image_t2103.jpg
"a close up of a clock with a blue background and a white face",downloaded_image_t2104.jpg
"a close up of a ladder with numbers on it",downloaded_image_t2105.jpg
"a screenshot of a bar chart showing the percentage of people who are using social media",downloaded_image_t2106.jpg
"there are two red and purple cubes and a red ball",downloaded_image_t2108.jpg
"a triangle with three sides and three sides that are congructed",downloaded_image_t2110.jpg
"a picture shows a circle with a point on the middle and a line of sight on the middle",downloaded_image_t2111.jpg
"a screenshot of a graphing function with a curve and a line of graphs",downloaded_image_t2112.jpg
"a close up of a graph with a line graph on it",downloaded_image_t2115.jpg
"a diagram of a set of four different shapes and numbers",downloaded_image_t2117.jpg
"a picture showing the side of a triangle with the letters e and f",downloaded_image_t2118.jpg
"a screenshot of a graph showing the number of people who are using twitter",downloaded_image_t2119.jpg
"there are many different colored balls and cubes on the table",downloaded_image_t2121.jpg
"there are four different types of toy airplanes and a bike",downloaded_image_t2123.jpg
"arafed photo of a group of wrestlers posing for a picture",downloaded_image_t2124.jpg
"there are two men sitting at a table with plates of food",downloaded_image_t2125.jpg
"a diagram of a number of different objects in a series",downloaded_image_t2126.jpg
"a picture shows a triangle with three sides and a line with three sides",downloaded_image_t2128.jpg
"a triangle with four sides and four sides with four sides",downloaded_image_t2129.jpg
"a diagram of a circle with a center and a center at the end",downloaded_image_t2130.jpg
"a triangle with three sides and three sides that are congructed",downloaded_image_t2132.jpg
"a table with a list of days and days to do",downloaded_image_t2133.jpg
"arafed man and woman shaking hands in front of flags",downloaded_image_t2134.jpg
"a triangle with three sides and three sides with the letters a, b, and c",downloaded_image_t31.jpg
"smiling woman in a brown jacket and black pants holding a plaque",downloaded_image_t34.jpg
"a pregnant woman in a gold dress and a man in a black shirt",downloaded_image_t36.jpg
"a diagram of a line that is parallel to two other lines",downloaded_image_t37.jpg
"a diagram of the life cycle of a frog",downloaded_image_t38.jpg
"a close up of a computer screen with a number of blocks",downloaded_image_t39.jpg
"a triangle with three sides and four sides that are parallel",downloaded_image_t311.jpg
"a circle with a center and a center inscribed in a circle",downloaded_image_t314.jpg
"a close up of a clock with a triangle and a red line",downloaded_image_t316.jpg
"a close up of a sheet of paper with numbers and symbols",downloaded_image_t318.jpg
"there are three toy cars and a toy airplane on a table",downloaded_image_t320.jpg
"a triangle with a line that is perpendicular to the right",downloaded_image_t323.jpg
"there is a man and woman standing on a red carpet",downloaded_image_t324.jpg
"a close up of a calculator with a calculator and a calculator",downloaded_image_t325.jpg
"a picture shows a circle with a point on the center and a line that goes through it",downloaded_image_t326.jpg
"there are many different colored objects on a white surface",downloaded_image_t327.jpg
"a black and white photo of a man and woman smiling",downloaded_image_t329.jpg
"a chart of the number of different colors of paint and the size of the paint",downloaded_image_t330.jpg
"arafed photo of a man and woman posing for a picture",downloaded_image_t331.jpg
"a drawing of a square with a triangle inside of it",downloaded_image_t334.jpg
"a close up of a number of squares with different colors",downloaded_image_t335.jpg
"a diagram of a food web with animals and other animals",downloaded_image_t336.jpg
"a plot of a wave with a line of data on it",downloaded_image_t337.jpg
"there are a few toy cars and a motorcycle on a table",downloaded_image_t339.jpg
"there are a group of people sitting at a table together",downloaded_image_t343.jpg
"a close up of a ruler with a plant growing on it",downloaded_image_t344.jpg
"a table with a number of leaves and numbers on it",downloaded_image_t345.jpg
"a close up of a clock with a hexagon pattern on it",downloaded_image_t346.jpg
"two circles with purple dots are shown in the middle of them",downloaded_image_t347.jpg
"a close up of a table with a bunch of different items",downloaded_image_t348.jpg
"a drawing of a triangle with three sides and three sides",downloaded_image_t350.jpg
"a circle with a triangle and a circle with a point on it",downloaded_image_t351.jpg
"a close up of a person in a suit and tie near a woman",downloaded_image_t352.jpg
"a chart of a bar chart with a few different types of items",downloaded_image_t353.jpg
"a diagram of the different types of fish and their food",downloaded_image_t355.jpg
"a picture showing a triangle with a side of a triangle and a side of a triangle with a",downloaded_image_t356.jpg
"a close up of a solar system with planets and sun",downloaded_image_t357.jpg
"a close up of a white background with a black and blue text",downloaded_image_t358.jpg
"there are a few different colored toys that are on a table",downloaded_image_t359.jpg
"a diagram of a graph with a curve and a line of data",downloaded_image_t360.jpg
"zebras standing in a field of grass with a mountain in the background",downloaded_image_t361.jpg
"a black and white drawing of a curve with a line going up",downloaded_image_t362.jpg
"a pie chart of the different types of people who are in the world",downloaded_image_t363.jpg
"a bar chart showing the number of people who are using the internet",downloaded_image_t364.jpg
"a chart of percentage of children who experience violent violence at home",downloaded_image_t365.jpg
"araffe dressed in red and gold poses with a man in a white shirt",downloaded_image_t366.jpg
"a close up of a number of different types of buttons",downloaded_image_t367.jpg
"a close up of a menu listing for a pizza restaurant",downloaded_image_t368.jpg
"two triangles are shown with the same side lengths and the same side lengths",downloaded_image_t369.jpg
"skiers on a snowy slope with trees in the background",downloaded_image_t372.jpg
"a diagram of a bar chart with data and data in it",downloaded_image_t373.jpg
"a diagram of the life cycle of a frog and other animals",downloaded_image_t374.jpg
"there are two bikes that are sitting next to each other",downloaded_image_t375.jpg
"a triangle with three sides and three sides with the letters a, b, c, and d",downloaded_image_t376.jpg
"a close up of a graph with a line going through it",downloaded_image_t377.jpg
"there are many different toys that are on the table",downloaded_image_t379.jpg
"a diagram of a line graph with a line of different heights",downloaded_image_t380.jpg
"arafed photo of a man and woman in formal dress",downloaded_image_t382.jpg
"a close up of a table with a lot of items on it",downloaded_image_t383.jpg
"a close up of a clock with a blue frame and numbers",downloaded_image_t384.jpg
"there are two people in a kitchen with a large box on their head",downloaded_image_t385.jpg
"a close up of a graph with a line going through it",downloaded_image_t386.jpg
"a close up of a triangle with the letter r on it",downloaded_image_t387.jpg
"a close up of a ruler with a number on it",downloaded_image_t389.jpg
"a close up of a triangle with a red arrow on it",downloaded_image_t390.jpg
"a close up of a ruler with a number on it",downloaded_image_t391.jpg
"a triangle with the side lengths of two sides and the side lengths of the other side",downloaded_image_t393.jpg
"a circle with a point at the center and a line at the end",downloaded_image_t394.jpg
"a white sheet with a diagram of a rectangle and a triangle",downloaded_image_t396.jpg
"there are many different colored cubes and a ball on a table",downloaded_image_t397.jpg
"there are many different toys that are on the table",downloaded_image_t399.jpg
"arafed black and white photo of two men in a car",downloaded_image_t3100.jpg
"a graphing plot with a blue dot and a line of coordinates",downloaded_image_t3101.jpg
"a graphing function of a curve with a blue line",downloaded_image_t3102.jpg
"there are three balls and a cube on a table",downloaded_image_t3104.jpg
"a screenshot of a bar chart showing the number of people who are using social media",downloaded_image_t3105.jpg
"a triangle with three sides and three sides that are parallel",downloaded_image_t3106.jpg
"a diagram of a diagram of a cricket game with the words cricket, rat, owl, grass",downloaded_image_t3107.jpg
"there are many different types of gold and purple items on the table",downloaded_image_t3108.jpg
"there are many different colored objects on a white surface",downloaded_image_t3109.jpg
"a diagram shows a circle with a point at the center and a point at the end",downloaded_image_t3110.jpg
"there are three different colored objects on a white surface",downloaded_image_t3111.jpg
"there are three different colored cubes and a ball on a table",downloaded_image_t3112.jpg
"a picture shows a circle with two intersecting segments and a line with the letter bkd",downloaded_image_t3113.jpg
"a circle with a center and a center inscribed in it",downloaded_image_t3116.jpg
"a close up of a ruler with a number on it",downloaded_image_t3118.jpg
"a close up of a pattern of diamonds on a white background",downloaded_image_t3119.jpg
"a close up of a ruler with a cartoon of a green worm",downloaded_image_t3120.jpg
"a close up of a green bar chart with a person on a skateboard",downloaded_image_t3121.jpg
"three men in suits and ties standing next to each other",downloaded_image_t3122.jpg
"there is a living room with a couch, table, chairs and a television",downloaded_image_t3123.jpg
"a close up of a group of different colored balls and cubes",downloaded_image_t3124.jpg
"arafed curve of a line with a blue line going down it",downloaded_image_t3125.jpg
"a close up of a graph with a curve and a line with a log",downloaded_image_t3127.jpg
"a diagram of a rectangle with a number of sides and a number of sides",downloaded_image_t3128.jpg
"three men on a podium holding up flowers and a trophy",downloaded_image_t3129.jpg
"there are two different colored objects on a white surface",downloaded_image_t3130.jpg
"there are many bananas on a table with a sign on it",downloaded_image_t3131.jpg
"a triangle with a side angle and a side angle of the triangle",downloaded_image_t3132.jpg
"a diagram of a bar chart with a number of different types of blocks",downloaded_image_t3133.jpg
"a butterfly life cycle worksheet for kids",downloaded_image_t3138.jpg
"a circle with a center and a center inscribed in it",downloaded_image_t3139.jpg
"a diagram of a circle with a center and a center at the end",downloaded_image_t3140.jpg
"arafed pizza in a pan with a spatula on a table",downloaded_image_t3142.jpg
"a close up of a circle with a letter j and a circle with a center",downloaded_image_t3143.jpg
"a diagram of a bar chart with the most preferred objects",downloaded_image_t3144.jpg
"there are a lot of toys that are on the table",downloaded_image_t3145.jpg
"a circle with center is shaded as the figure above the area of the shaded region is",downloaded_image_t3147.jpg
"a graph showing the percentage of college completion by race and ethnicity",downloaded_image_t3148.jpg
"there are three different colored cylinders and a green one",downloaded_image_t3149.jpg
"a picture of a triangle with a side of a triangle and a side of a triangle with a",downloaded_image_t3150.jpg
"there are several different colored objects on a white surface",downloaded_image_t3153.jpg
"a table with a number of apples and peaches on it",downloaded_image_t3154.jpg
"a diagram of a triangle with",downloaded_image_t3155.jpg
"a close up of a pie chart with a pie chart in the middle",downloaded_image_t3156.jpg
"they are sitting next to a horse in a field",downloaded_image_t3157.jpg
"a diagram of a curved object with a line of symmetry",downloaded_image_t3159.jpg
"two men in military uniforms standing next to each other on a runway",downloaded_image_t3161.jpg
"there are three different types of toy vehicles and a bus",downloaded_image_t3162.jpg
"a diagram of a triangle with a",downloaded_image_t3164.jpg
"there are four different colored objects on a white surface",downloaded_image_t3166.jpg
"a circle with a point at the center and a line at the end",downloaded_image_t3167.jpg
"a bar chart showing the number of people who are in the city",downloaded_image_t3168.jpg
"there is a toy bike and a toy bus next to each other",downloaded_image_t3170.jpg
"a diagram of the life cycle of a fish",downloaded_image_t3171.jpg
"there is a toy car and a motorcycle next to each other",downloaded_image_t3172.jpg
"a close up of a number of squares with different numbers",downloaded_image_t3173.jpg
"there are two different colored cubes and one yellow one",downloaded_image_t3174.jpg
"a table with a number of spelling words and a list of words",downloaded_image_t3175.jpg
"a close up of a pie chart with a lot of different colors",downloaded_image_t3176.jpg
"a picture shows a triangle with a side of the triangle and a side of the triangle with the",downloaded_image_t3177.jpg
"a circle with a center and a center at the end of it",downloaded_image_t3178.jpg
"there are a box of donuts that are sitting on a table",downloaded_image_t3179.jpg
"a pyramid with numbers and a question mark on it",downloaded_image_t3180.jpg
"a close up of a triangle with the letters a, b, and c",downloaded_image_t3181.jpg
"a black and white drawing of a curve with a line going up",downloaded_image_t3182.jpg
"there are three different colored objects on a white surface",downloaded_image_t3183.jpg
"a diagram of a circle with two circles and a letter in the middle",downloaded_image_t3185.jpg
"a picture shows a triangle with a side angle of",downloaded_image_t3186.jpg
"a diagram of a circle with a measure of",downloaded_image_t3187.jpg
"a graphing function of a curve with a blue line",downloaded_image_t3188.jpg
"a diagram of a curved line with a point at the end",downloaded_image_t3189.jpg
"there are many different colored objects on a white surface",downloaded_image_t3190.jpg
"a close up of a green building with a bunch of stacks of green bars",downloaded_image_t3191.jpg
"a graphing line with a point on the center and a line at the bottom",downloaded_image_t3192.jpg
"arafed black and white photo of a man and woman",downloaded_image_t3193.jpg
"three men standing on a stage with a microphone and a microphone",downloaded_image_t3194.jpg
"arafed image of two men shaking hands in front of a painting",downloaded_image_t3195.jpg
"a close up of a graph with a line graph on it",downloaded_image_t3198.jpg
"a close up of a pie chart with different colors of pie",downloaded_image_t3200.jpg
"a circle with a line that is drawn to the center and a line that is not in the",downloaded_image_t3201.jpg
"a table with a number of times and times to run",downloaded_image_t3202.jpg
"a close up of a green bar chart with a white background",downloaded_image_t3203.jpg
"there are many different colored cubes and a ball on a table",downloaded_image_t3204.jpg
"a table with a number of finger puppets made",downloaded_image_t3206.jpg
"a diagram of a sea life cycle with different animals and fish",downloaded_image_t3207.jpg
"a close up of a ruler with a wooden ruler on it",downloaded_image_t3209.jpg
"a close up of a plot with a line graph and a line of data",downloaded_image_t3210.jpg
"there are two men standing together in a room with a cell phone",downloaded_image_t3211.jpg
"a close up of a ruler with a plant growing on it",downloaded_image_t3212.jpg
"a close up of a bar chart with different types of items",downloaded_image_t3213.jpg
"a triangle with a side angle of",downloaded_image_t3214.jpg
"there are two women playing soccer on a field with a ball",downloaded_image_t3215.jpg
"there are many different types of toys that are on the table",downloaded_image_t3216.jpg
"a circle with a center and a center at the end of it",downloaded_image_t3217.jpg
"a close up of a pie chart with different colors of pie",downloaded_image_t3218.jpg
"there are many kites that are flying in the sky",downloaded_image_t3219.jpg
"a green square with four sides and four sides",downloaded_image_t3222.jpg
"a drawing of a triangle with a circle and a point on it",downloaded_image_t3223.jpg
"a close up of a table with a lot of items on it",downloaded_image_t3224.jpg
"a close up of a graph with a curve on a black background",downloaded_image_t3225.jpg
"there are many different colored objects on a white surface",downloaded_image_t3226.jpg
"a drawing of a circle with a pentagram and a letter d",downloaded_image_t3229.jpg
"a triangle with a line that is drawn to the right and a line that is not parallel to",downloaded_image_t3230.jpg
"surfers in the ocean with one man on a surfboard",downloaded_image_t3231.jpg
"a black and white image of a tree with a triangle on it",downloaded_image_t3232.jpg
"three men in suits and ties standing next to each other",downloaded_image_t3233.jpg
"there are three toy cars and a motorcycle on a table",downloaded_image_t3234.jpg
"a close up of a number of orange blocks on a white background",downloaded_image_t3236.jpg
"a diagram of the different types of the eyeballs",downloaded_image_t3237.jpg
"a picture shows a circle with a point on the center and a line of sight on the outside",downloaded_image_t3239.jpg
"a graph showing the proportion of the population of the united states",downloaded_image_t3241.jpg
"a drawing of a mouse moving along a curve with a mouse on top",downloaded_image_t3242.jpg
"arafed man and woman posing for a picture at a party",downloaded_image_t3243.jpg
"a picture of a triangle with three sides and three sides",downloaded_image_t3244.jpg
"a circle with a central point and a central point on the side",downloaded_image_t3245.jpg
"a close up of a clock with a red line on it",downloaded_image_t3247.jpg
"a close up of a bar chart with a number of blocks",downloaded_image_t3249.jpg
"arafed black and white photo of three women sitting on a stone bench",downloaded_image_t3250.jpg
"a close up of a number of squares with different colors",downloaded_image_t3251.jpg
"a graph of a number of telephone telephones in the world",downloaded_image_t3252.jpg
"a close up of a bar chart with a number of people on it",downloaded_image_t3253.jpg
"there are several different colored objects on a white surface",downloaded_image_t3254.jpg
"a diagram of a bar graph with a line of data on it",downloaded_image_t3255.jpg
"a drawing of a circle with a line drawn to the side",downloaded_image_t3256.jpg
"arafed graph of different objects in different categoriess",downloaded_image_t3257.jpg
"a triangle with three sides and three sides that are congructed",downloaded_image_t3258.jpg
"arafed black and white photo of a man and a woman",downloaded_image_t3259.jpg
"a diagram of a square with a line of symmetry and a line of symmetry",downloaded_image_t3260.jpg
"a diagram of the life cycle of a cat",downloaded_image_t41.jpg
"a chart of data that shows the number of different datas in different languages",downloaded_image_t42.jpg
"a close up of a clock with a blue frame and numbers",downloaded_image_t44.jpg
"a table with a number of words and numbers on it",downloaded_image_t46.jpg
"there are four different types of toys that are on the table",downloaded_image_t47.jpg
"a graph that shows the slope of a curve with a point at the end",downloaded_image_t410.jpg
"a pregnant couple posing for a picture at an event",downloaded_image_t411.jpg
"a graphing function of a curve with a blue line",downloaded_image_t412.jpg
"a chart of the number of people who have been paid by the government",downloaded_image_t413.jpg
"a chart of the number of different types of teas in different countries",downloaded_image_t414.jpg
"there are two balls and a nut on a table",downloaded_image_t415.jpg
"a diagram of a diamond with a line of length and a line of length",downloaded_image_t416.jpg
"boats are floating on a lake with mountains in the background",downloaded_image_t417.jpg
"a cross is shown with the coordinates of the coordinate",downloaded_image_t418.jpg
"a close up of a table with a price list for a kitchen",downloaded_image_t419.jpg
"a graphing curve with a green line going up to the right",downloaded_image_t420.jpg
"a close up of a leaf with different colors and sizes",downloaded_image_t421.jpg
"a close up of a circle with a line of sight and a line of sight",downloaded_image_t422.jpg
"a close up of a digital clock with the time at",downloaded_image_t424.jpg
"a chart of the number of people who are in the world",downloaded_image_t425.jpg
"a table with a number of buttons and numbers on it",downloaded_image_t426.jpg
"a graphing line with a point on the center and a line at the bottom",downloaded_image_t427.jpg
"a screenshot of a bar chart showing the percentage of people who are using social media",downloaded_image_t428.jpg
"a diagram of a bar chart with the number of columns",downloaded_image_t429.jpg
"four different buttons and buttons are arranged on a pink background",downloaded_image_t430.jpg
"a close up of a ruler with a number on it",downloaded_image_t432.jpg
"a bar chart showing the number of people who are in the us",downloaded_image_t433.jpg
"a close up of a bowling ball and pins with a red bow",downloaded_image_t434.jpg
"a table with a number of employees with health care benefits",downloaded_image_t435.jpg
"a close up of a ruler with a number on it",downloaded_image_t436.jpg
"a map of the united states with states labeled in blue and gray",downloaded_image_t437.jpg
"a circle with a central point and a central point on the center",downloaded_image_t438.jpg
"a close up of a digital clock with a red frame",downloaded_image_t439.jpg
"a square with four squares and the letters a, b, c, and d",downloaded_image_t440.jpg
"a chart of a bar chart with the number of people in each country",downloaded_image_t441.jpg
"arafed image of a man and woman walking down a path",downloaded_image_t444.jpg
"there are two pieces of yellow and grey plastic on a white surface",downloaded_image_t445.jpg
"a picture of a triangle with a line that is parallel to the side of it",downloaded_image_t447.jpg
"a screenshot of a plot with a curve and a function plot",downloaded_image_t449.jpg
"a diagram of a man walking on a ramp with a tree on it",downloaded_image_t450.jpg
"there are three different colored cubes and one ball on a table",downloaded_image_t451.jpg
"there are many different colored cubes and a ball on a table",downloaded_image_t452.jpg
"a diagram of a triangle with a line that is parallel to the other side",downloaded_image_t453.jpg
"a diagram of a bar graph with a line of data on it",downloaded_image_t454.jpg
"a plot of a line that is going through a curve",downloaded_image_t455.jpg
"a circle with a center and a center inscribed in the middle",downloaded_image_t456.jpg
"a table with a number of office sizes and a square meter",downloaded_image_t457.jpg
"a diagram of a curve with a line going through it",downloaded_image_t458.jpg
"a diagram of a rectangular prism with a side angle of",downloaded_image_t459.jpg
"a diagram of a fish life cycle with different types of fish",downloaded_image_t460.jpg
"skiers holding their trophies and posing for a picture on the podium",downloaded_image_t461.jpg
"a graphing function of a curve with a blue line",downloaded_image_t462.jpg
"a triangle with three sides and three sides that are congructed",downloaded_image_t464.jpg
"a close up of a bar chart with different types of objects",downloaded_image_t466.jpg
"a green square with",downloaded_image_t467.jpg
"cartoon of two people standing in a field with a fire and a dog",downloaded_image_t468.jpg
"a picture of a diagram of a line with a point on it",downloaded_image_t469.jpg
"a table with boxes of girl scout cookies sold by day",downloaded_image_t470.jpg
"a square with a right triangle and a right triangle with a right triangle",downloaded_image_t472.jpg
"a diagram of a food web with a dog, a cat, a chicken, a banana,",downloaded_image_t475.jpg
"a table with a number of different types of information",downloaded_image_t476.jpg
"a diagram of a bar chart with a bar chart of the different products",downloaded_image_t477.jpg
"a picture of a triangle with a line of three intersectings",downloaded_image_t480.jpg
"there are three toy cars and a bicycle on a table",downloaded_image_t481.jpg
"a circle with two intersecting segments and a center with a center at the end",downloaded_image_t482.jpg
"there are many different toys that are on a table",downloaded_image_t483.jpg
"there are many different colored paper airplanes and cars on the table",downloaded_image_t484.jpg
"there are three balls and two cubes on a table",downloaded_image_t486.jpg
"a bar chart showing the number of people who are using social media",downloaded_image_t488.jpg
"a graph showing the percentage of people who are using the internet",downloaded_image_t489.jpg
"a diagram of a triangle with three intersecting sides and a line of symmetry",downloaded_image_t490.jpg
"there are three different colored cubes on a white surface",downloaded_image_t492.jpg
"a close up of a table with a number of hours on it",downloaded_image_t493.jpg
"there are several different colored objects on a white surface",downloaded_image_t494.jpg
"purple scooter with a toothbrush and a toothbrush holder",downloaded_image_t495.jpg
"a close up of a circle with a center and a center on it",downloaded_image_t497.jpg
"there are three toy cars and a bike and a car and a bike",downloaded_image_t498.jpg
"a chart showing the number of installations installed in a residential energy capacity",downloaded_image_t499.jpg
"there are two toy motorcycles and a toy car on a table",downloaded_image_t4100.jpg
"a triangle with three sides and three sides that are congructed",downloaded_image_t4101.jpg
"skier in red jacket skiing down a snowy slope with trees in the background",downloaded_image_t4102.jpg
"a diagram of a diagram of a cricket game with the words cricket, rat, owl, grass",downloaded_image_t4103.jpg
"a cartoon of a man using a camera to see a picture",downloaded_image_t4104.jpg
"a table with a number of pets and names on it",downloaded_image_t4105.jpg
"a graphing curve with a curve of three different lengths and a number of different numbers",downloaded_image_t4106.jpg
"a table with a number of autographs and a table with a number of autographs",downloaded_image_t4107.jpg
"a close up of a ruler with a plant growing on it",downloaded_image_t4109.jpg
"a triangle with three intersectings and three intersectings on it",downloaded_image_t4110.jpg
"a diagram of a curved object with a line of symmetry",downloaded_image_t4114.jpg
"a diagram of a bar chart with data about different types of data",downloaded_image_t4115.jpg
"there are three different colored balls and a box on a table",downloaded_image_t4116.jpg
"a diagram of a line graph with a blue triangle and a line graph with a blue triangle",downloaded_image_t4118.jpg
"a table with a number of different sizes and measurements of the sewing machine",downloaded_image_t4121.jpg
"there are many different colored objects on a white surface",downloaded_image_t4122.jpg
"a triangle with three sides and three sides that are congructed",downloaded_image_t4123.jpg
"a diagram of the different types of food that are in the food chain",downloaded_image_t4124.jpg
"there are three different types of toy vehicles and a bus",downloaded_image_t4125.jpg
"arafed image of a man and a woman standing at a podium",downloaded_image_t4126.jpg
"a diagram of a life cycle of animals and plants",downloaded_image_t4127.jpg
"a diagram of a data table with data and data in it",downloaded_image_t4129.jpg
"a diagram of the different types of food that are in the food chain",downloaded_image_t4131.jpg
"there are four different colored objects on a white surface",downloaded_image_t4132.jpg
"a close up of a ruler with a number on it",downloaded_image_t4133.jpg
"a diagram of a triangle with a side of a triangle and a side of a triangle with a",downloaded_image_t4134.jpg
"a diagram of a bar chart with a line graph of different types of data",downloaded_image_t4135.jpg
"a circle with a point and a line that is inscribed in the center",downloaded_image_t4136.jpg
"a chart of the number of people who have been paid by the government",downloaded_image_t4137.jpg
"there are many toy vehicles and a bus on the table",downloaded_image_t4138.jpg
"a close up of a pie chart with a pie chart in the middle",downloaded_image_t4139.jpg
"a circle with a center and a center inscribed in it",downloaded_image_t4140.jpg
"a table with a number of food preparation times and a table with a number of food preparation times",downloaded_image_t4142.jpg
"a table with a number of items on it and a red gumdrops per bag",downloaded_image_t4143.jpg
"a diagram of a bird that is flying over a grass field",downloaded_image_t4144.jpg
"there are many different toy vehicles and a bus on the table",downloaded_image_t4145.jpg
"there is a train that is parked on the tracks with its doors open",downloaded_image_t4147.jpg
"a screenshot of a bar chart showing the number of people in the united states",downloaded_image_t4148.jpg
"a circle with a center and a center at the end of it",downloaded_image_t4149.jpg
"a diagram of a food web with animals and plants",downloaded_image_t4150.jpg
"a close up of a graph with a bar chart on it",downloaded_image_t4151.jpg
"there are several different colored objects on a white surface",downloaded_image_t4152.jpg
"a table with a number of office sizes and measurements",downloaded_image_t4153.jpg
"a green rectangular tile with a white border",downloaded_image_t4154.jpg
"arafed man adjusting a woman's bow tie in a black and white photo",downloaded_image_t4155.jpg
"arafed image of a man and a woman standing behind a podium",downloaded_image_t4157.jpg
"a close up of a ruler with a pencil on it",downloaded_image_t4159.jpg
"a close up of a table with a number of items on it",downloaded_image_t4160.jpg
"arafed man in a suit reading a newspaper in a room",downloaded_image_t4162.jpg
"there is a pizza with an egg, ham, and mushrooms in it",downloaded_image_t4163.jpg
"a triangle with three sides and three sides that are congructed",downloaded_image_t4165.jpg
"a close up of a fire truck with different types of fire engines",downloaded_image_t4166.jpg
"there is a toy car and a toy motorcycle on a table",downloaded_image_t4167.jpg
"arafed image of a man and woman sitting next to each other",downloaded_image_t4168.jpg
"a close up of a ruler with a plant growing on it",downloaded_image_t4169.jpg
"a screenshot of a graph showing the number of people who are using twitter",downloaded_image_t4170.jpg
"a close up of a polar chart with a circle on the center",downloaded_image_t4171.jpg
"there are various toy vehicles and a bicycle on a table",downloaded_image_t4172.jpg
"a diagram of a series of graphs showing the different types of clips",downloaded_image_t4174.jpg
"a triangle with three sides and three angles that are parallel",downloaded_image_t4175.jpg
"there are many different types of toys that are on the table",downloaded_image_t4176.jpg
"there are many different toy vehicles and a motorcycle on the table",downloaded_image_t4177.jpg
"a picture of a triangle with a side angle of",downloaded_image_t4178.jpg
"a diagram of a rectangle with a number of sides and a number of sides",downloaded_image_t4179.jpg
"a square with three sides and three sides with a number on it",downloaded_image_t4181.jpg
"a close up of a metal object with a long line of lines",downloaded_image_t4183.jpg
"a table with a number of houses per block and a table with a number of houses per block",downloaded_image_t4184.jpg
"a close up of a fire truck with different stages of fire",downloaded_image_t4185.jpg
"arafed black and white photo of a man and woman posing for a picture",downloaded_image_t4186.jpg
"a close up of a table with a number of items on it",downloaded_image_t4187.jpg
"there is a close up of a measuring glass with a lot of water",downloaded_image_t4188.jpg
"there are three toy cars and a toy plane on a table",downloaded_image_t4189.jpg
"there is a bathroom with a sink, toilet, and shower in it",downloaded_image_t4191.jpg
"a close up of a document with a number of items on it",downloaded_image_t4192.jpg
"there are a lot of different toys that are on the table",downloaded_image_t4193.jpg
"a table with a number of hours and dates for a tour bus",downloaded_image_t4194.jpg
"three men on a podium holding up flowers and a trophy",downloaded_image_t4195.jpg
"a close up of a circle with the letters a, b, and c in it",downloaded_image_t4196.jpg
"a close up of a bar chart with a number of bars",downloaded_image_t4198.jpg
"there are many different colored balls and cubes on the table",downloaded_image_t4199.jpg
"a close up of a pie chart with a circle in the middle",downloaded_image_t4200.jpg
"a graph showing average precipitation in london, england",downloaded_image_t4202.jpg
"a triangle with three sides and three sides that are parallel",downloaded_image_t4203.jpg
"there are a lot of toy cars and a bus on the table",downloaded_image_t4204.jpg
"a close up of a bar chart with a number of different values",downloaded_image_t4205.jpg
"a diagram of a rectangle with three sides and three sides",downloaded_image_t4206.jpg
"a plot of a line that is going through a curve",downloaded_image_t4208.jpg
"there is a train that is going down the tracks near a building",downloaded_image_t4209.jpg
"there is a toy car and a toy airplane on a table",downloaded_image_t4210.jpg
"a black and white image of a cross with the number",downloaded_image_t4212.jpg
"a diagram of a circle with a center and a center at the end",downloaded_image_t4213.jpg
"a close up of a black and white photo of a piano keyboard",downloaded_image_t4215.jpg
"a close up of a pie chart with different colors of pie",downloaded_image_t4216.jpg
"there are two toy airplanes and a toy car on a table",downloaded_image_t4217.jpg
"a close up of a ruler with a number on it",downloaded_image_t4218.jpg
"a diagram of a food chain with many different foods",downloaded_image_t4219.jpg
"a circle with a center and a center inscribed in the middle",downloaded_image_t4220.jpg
"a circle with a center and a center at the end of it",downloaded_image_t4221.jpg
"a graph showing the percentage of sales statistics for different items",downloaded_image_t4222.jpg
"a close up of a bar chart with a number of squares",downloaded_image_t4223.jpg
"there are many different colored objects on a white surface",downloaded_image_t4224.jpg
"a close up of a ruler with a number on it",downloaded_image_t4225.jpg
"a picture of a picture of a picture of a picture of a picture of a picture of a",downloaded_image_t4226.jpg
"there are many different toy vehicles and a bus on a table",downloaded_image_t4227.jpg
"a picture of a rectangle with a line of symmetry and a line of symmetry",downloaded_image_t4228.jpg
"arafed graph of house prices and the average price of a home",downloaded_image_t4229.jpg
"there are many different types of toys that are on the table",downloaded_image_t4230.jpg
"there are three toy vehicles and a bike on a table",downloaded_image_t4231.jpg
"a picture showing a line that is parallel to two other lines",downloaded_image_t4232.jpg
"a close up of a square with a few squares in it",downloaded_image_t4233.jpg
"a circle with a line that is drawn to the center and a line that is not in the",downloaded_image_t4234.jpg
"a close up of a number of blue squares on a white background",downloaded_image_t4235.jpg
"there are many different colored objects on a white surface",downloaded_image_t4236.jpg
"older man and woman standing next to each other in a room",downloaded_image_t4237.jpg
"a diagram of the life cycle of a fish",downloaded_image_t4238.jpg
"there are several different colored objects on a white surface",downloaded_image_t4239.jpg
"a picture of a triangle with a line of three intersectings",downloaded_image_t4240.jpg
"a diagram of a curve with a slope and a point at the end",downloaded_image_t4241.jpg
"a diagram of a cone with a base plane and a base plane",downloaded_image_t4242.jpg
"there are two men in suits standing next to each other",downloaded_image_t4244.jpg
"a diagram of a bar chart with the number of water and the number of water",downloaded_image_t4247.jpg
"a table with a number of different numbers on it",downloaded_image_t4249.jpg
"a diagram of a triangle with three sides and three angles",downloaded_image_t4250.jpg
"there are many different colored cubes and a small one",downloaded_image_t4251.jpg
"a diagram of a line that is parallel to two other lines",downloaded_image_t4252.jpg
"a triangle with three sides and three sides that are congructed",downloaded_image_t4254.jpg
"a close up of a ruler with a number on it",downloaded_image_t4255.jpg
"there are many toy cars and bicycles on a table",downloaded_image_t4256.jpg
"a triangle with a side angle of",downloaded_image_t4257.jpg
"a graphing curve with a green line going up to the right",downloaded_image_t4258.jpg
"a picture showing a diagram of a plane with three intersecting lines",downloaded_image_t4259.jpg
"a graph showing the percentage of different datas in different data types",downloaded_image_t4261.jpg
"actors posing for a picture at a movie event",downloaded_image_t4262.jpg
"a close up of a ruler with a number on it",downloaded_image_t4263.jpg
"a close up of a pie chart with a pie chart in the middle",downloaded_image_t4264.jpg
"a diagram of a line graph with a line graph of different colors",downloaded_image_t4267.jpg
"there are many toy cars and a motorcycle on a table",downloaded_image_t4268.jpg
"there are several different colored objects on a white surface",downloaded_image_t4269.jpg
"a row of watches with different time zones and numbers",downloaded_image_t4271.jpg
"a number line with four squares and a question mark",downloaded_image_t4273.jpg
"a graphing line with a point on the center and a line at the bottom",downloaded_image_t4274.jpg
"a triangle with three sides and three sides that are congructed",downloaded_image_t4275.jpg
"a graph showing the number of different types of ice creams",downloaded_image_t4278.jpg
"a close up of a diagram of a variety of animals",downloaded_image_t4279.jpg
"a picture of a triangle with a side angle of",downloaded_image_t4281.jpg
"a close up of a pie chart with a circle in the middle",downloaded_image_t4282.jpg
"a diagram of a circle with a center and a center at the end",downloaded_image_t4283.jpg
"a close up of a green and white background with a number of squares",downloaded_image_t4284.jpg
"there are two cubes and a ball on a table",downloaded_image_t4286.jpg
"arafed image of a man and a woman shaking hands in front of flags",downloaded_image_t4287.jpg
"a close up of a ruler with a screw on it",downloaded_image_t4288.jpg
"a table with a number of different temperatures and the same temperature",downloaded_image_t4289.jpg
"a picture showing a triangle with a side of a triangle and a side of a triangle with a",downloaded_image_t4291.jpg
"a picture of a triangle with the sides of two triangles and the sides of two triangles",downloaded_image_t4292.jpg
"there are many different colored objects on a white surface",downloaded_image_t4293.jpg
"a close up of a menu listing with prices of different foods",downloaded_image_t4294.jpg
"a diagram of a plane with a line going through it",downloaded_image_t4295.jpg
"a drawing of a circle with a line going through it",downloaded_image_t4296.jpg
"a diagram of a plant life cycle with the names of the plants",downloaded_image_t4297.jpg
"a graphing line with a blue triangle and a white triangle",downloaded_image_t61.jpg
"a diagram of a circle with two intersecting segments and a point at the end",downloaded_image_t62.jpg
"a circle with a center and a center inscribed in it",downloaded_image_t63.jpg
"a close up of a triangle with a red arrow on it",downloaded_image_t64.jpg
"a table with a number of club members and a list of the club members",downloaded_image_t65.jpg
"a close up of a triangle with a red arrow on it",downloaded_image_t66.jpg
"there are three different colored balls and a blue one",downloaded_image_t68.jpg
"there are various items that are sitting on a table",downloaded_image_t69.jpg
"a diagram of a bar chart with a number of datas on it",downloaded_image_t610.jpg
"a diagram of a bar chart with different categoriess of categories",downloaded_image_t611.jpg
"there are three different colored cubes and a purple ball",downloaded_image_t612.jpg
"there are several different colored objects on a white surface",downloaded_image_t613.jpg
"there are three miniature bicycles that are on a white surface",downloaded_image_t614.jpg
"a close up of a bar chart with a number of people",downloaded_image_t617.jpg
"several glasses of wine are sitting on a wooden table",downloaded_image_t618.jpg
"a close up of a triangle with three intersectings and a triangle with three intersectings",downloaded_image_t619.jpg
"a graph showing the number of different types of cigarettes in each country",downloaded_image_t620.jpg
"there are many different toy vehicles and vehicles on a table",downloaded_image_t621.jpg
"a picture showing a triangle with the base of the triangle and the base of the triangle with the",downloaded_image_t622.jpg
"a diagram of a circle with a center and a center at the center",downloaded_image_t623.jpg
"there are three cubes that are sitting on a table",downloaded_image_t624.jpg
"a diagram of a circle with a central point and a central point",downloaded_image_t625.jpg
"two women standing at a podium with a plaque behind them",downloaded_image_t626.jpg
"there is a toy car and a toy airplane on a table",downloaded_image_t627.jpg
"a picture of a square with a line of symmetry and a line of symmetry",downloaded_image_t628.jpg
"a diagram of a triangle with a line that is parallel to the other side",downloaded_image_t629.jpg
"there are several different colored objects on a white surface",downloaded_image_t631.jpg
"a close up of a triangle with a blue line on it",downloaded_image_t633.jpg
"a diagram of a plant life cycle with the names of the plants",downloaded_image_t634.jpg
"a diagram of a diagram of a cricket game with the words cricket, rat, owl, grass",downloaded_image_t635.jpg
"a triangle with two sides and one side missing",downloaded_image_t636.jpg
"a diagram of a fish life cycle with different types of fish",downloaded_image_t637.jpg
"a diagram of a car going down a curved road with a red car on it",downloaded_image_t638.jpg
"a table with a number of points per game and a stem leaf",downloaded_image_t639.jpg
"a close up of two graphs with a line graph on them",downloaded_image_t641.jpg
"a circle with a center and a center inscribed in it",downloaded_image_t642.jpg
"a triangle with the base of a triangle and the height of the triangle",downloaded_image_t643.jpg
"a close up of a clock with a pink background and a white face",downloaded_image_t644.jpg
"a close up of a cross with a blue dot on it",downloaded_image_t645.jpg
"a close up of a ruler with a number on it",downloaded_image_t646.jpg
"a close up of a green building with a tall tower",downloaded_image_t647.jpg
"there is a pizza with artichokes, tomatoes, and cheese on it",downloaded_image_t648.jpg
"a graph showing the average and average speed of a car",downloaded_image_t649.jpg
"a close up of a ruler with a wooden handle and a metal blade",downloaded_image_t650.jpg
"arafed man and woman posing for a picture at a red carpet event",downloaded_image_t651.jpg
"a picture of a triangle with a side of a triangle and a side of a triangle with a",downloaded_image_t653.jpg
"a triangle with three sides and three sides on it",downloaded_image_t654.jpg
"a diagram of a food chain with a snake, frog, and snake",downloaded_image_t655.jpg
"a table with a number of different types of data",downloaded_image_t657.jpg
"a close up of a triangle with arrows on it",downloaded_image_t658.jpg
"arafed diagram of a variety of animals and plants",downloaded_image_t659.jpg
"a diagram of a rectangle with",downloaded_image_t661.jpg
"a graph showing the number of people who are using social platforms",downloaded_image_t662.jpg
"a circle with a point on the side and a line of intersection",downloaded_image_t663.jpg
"a diagram of a computer circuit with a number of different types of circuiting",downloaded_image_t664.jpg
"they are sitting on a couch talking to each other",downloaded_image_t665.jpg
"a diagram of a rectangular with two sides and one side",downloaded_image_t666.jpg
"two pictures of a number of squares with a question in them",downloaded_image_t667.jpg
"a line drawing of a number of different leaves",downloaded_image_t668.jpg
"a diagram of a fish and aquatic life cycle",downloaded_image_t669.jpg
"there are a lot of toys that are on the table",downloaded_image_t670.jpg
"a graphing function of a curve with a blue line",downloaded_image_t671.jpg
"there are many different types of bicycles and bicycles on the table",downloaded_image_t673.jpg
"a graph showing the number of people in a town with a title title",downloaded_image_t675.jpg
"a diagram of a curve with a slope of",downloaded_image_t676.jpg
"a close up of a green building with a number of stacks",downloaded_image_t677.jpg
"a close up of a digital clock with the time twenty twenty",downloaded_image_t678.jpg
"a triangle with three sides and three sides that are congructed",downloaded_image_t679.jpg
"a map of the united states with states labeled in blue",downloaded_image_t681.jpg
"a close up of a ruler with a number on it",downloaded_image_t683.jpg
"a circle with a center and a center inscribed in it",downloaded_image_t685.jpg
"there are several different colored objects on a white surface",downloaded_image_t687.jpg
"a close up of a table with a bunch of different colored balls",downloaded_image_t688.jpg
"a drawing of a whale with a skeleton and a fish",downloaded_image_t689.jpg
"diagram of a fish life cycle with dolphins and other fish",downloaded_image_t693.jpg
"arafed curve of a line with a blue line going down it",downloaded_image_t695.jpg
"arafed line graph of the rise in alcohol use in the u s",downloaded_image_t696.jpg
"a white sheet with a question on it and a picture of a figure above it",downloaded_image_t697.jpg
"a graph showing the number of people who are using their phone",downloaded_image_t699.jpg
"arafed image of a group of different colored objects on a white surface",downloaded_image_t6100.jpg
"a close up of a pie chart with different colors of pie",downloaded_image_t6101.jpg
"a diagram of a triangle with a line that is parallel to the other side",downloaded_image_t6102.jpg
"a circle with a center and a center inscribed in it",downloaded_image_t6103.jpg
"several different colored boxes and balls are arranged on a white surface",downloaded_image_t6104.jpg
"a picture of a triangle with a base of",downloaded_image_t6105.jpg
"a table with a number of desks and numbers on it",downloaded_image_t6106.jpg
"arafed image of a bear, deer, and other animals in a food web",downloaded_image_t6107.jpg
"there are three toy cars that are sitting on a table",downloaded_image_t6108.jpg
"there are many different toys that are on the table",downloaded_image_t6110.jpg
"there are many different colored objects on the table",downloaded_image_t6111.jpg
"a triangle with three sides and three sides that are congructed",downloaded_image_t6114.jpg
"a table with a number of different types of dnas and their names",downloaded_image_t6115.jpg
"a close up of a circle with a line going through it",downloaded_image_t6116.jpg
"a diagram of a bar chart showing the number of people who are using different objects",downloaded_image_t6117.jpg
"a table with a number of digits and a table with a number of digits",downloaded_image_t6118.jpg
"a triangle with three sides and three sides that are congructed",downloaded_image_t6119.jpg
"there is a man and woman sitting at a table with a sandwich",downloaded_image_t6120.jpg
"there is a toy car and a small toy airplane on a table",downloaded_image_t6122.jpg
"a diagram of a line graph with a line of data in the middle",downloaded_image_t6123.jpg
"a close up of a ruler with a number on it",downloaded_image_t6125.jpg
"there are many different colored objects on a white surface",downloaded_image_t6126.jpg
"a table with a number of employees with health care benefits",downloaded_image_t6127.jpg
"a diagram of a circular cycle with arrows pointing in different directions",downloaded_image_t6128.jpg
"woman laying on a bed with a cat on her back",downloaded_image_t6131.jpg
"a close up of a ruler with a number on it",downloaded_image_t6133.jpg
"a close up of a bar chart with a number of green bars",downloaded_image_t6134.jpg
"several boats are lined up on the shore of a lake",downloaded_image_t6135.jpg
"a diagram of a diagram of a computer with a number of different types of computers",downloaded_image_t6137.jpg
"there are several different colored balls and a green one",downloaded_image_t6139.jpg
"surfer riding a wave in the ocean on a clear day",downloaded_image_t6140.jpg
"a table with numbers and a line of numbers on it",downloaded_image_t6141.jpg
"there is a ceiling fan in a room with a couch and a television",downloaded_image_t6142.jpg
"a graphing function of a curve with a blue line",downloaded_image_t6143.jpg
"there are a lot of toys that are on the table",downloaded_image_t6144.jpg
"a triangle with three sides and three sides that are parallel",downloaded_image_t6145.jpg
"a close up of a ruler with a screw on it",downloaded_image_t6146.jpg
"a picture showing the number of the numbers in each of the four ovals",downloaded_image_t6147.jpg
"a close up of a graph with a line graph of a person",downloaded_image_t6148.jpg
"a diagram of a graphing function with a line going through it",downloaded_image_t6149.jpg
"blond woman in black dress and man in black suit posing for a picture",downloaded_image_t6150.jpg
"arafed diagram of a food web with animals and plants",downloaded_image_t6151.jpg
"two green circles with white circles on them are shown",downloaded_image_t6153.jpg
"a graphing curve with a green line going up to the right",downloaded_image_t6155.jpg
"there are three cubes that are sitting on a table",downloaded_image_t6157.jpg
"there is a man riding a skateboard in a large room",downloaded_image_t6158.jpg
"a chart of the number of people who are using twitter",downloaded_image_t6159.jpg
"a diagram of a triangle with three intersecting sides and a line of intersection",downloaded_image_t6161.jpg
"a drawing of a triangle with a side angle of a triangle",downloaded_image_t6163.jpg
"a triangle with the base of the triangle and the base of the triangle",downloaded_image_t6164.jpg
"a diagram of a food web with animals and plants",downloaded_image_t6165.jpg
"a circle with a line that is inscribed in the middle and a line that is inscribed in the",downloaded_image_t6168.jpg
"there are many different colored objects on a white surface",downloaded_image_t6170.jpg
"there are many toy cars and airplanes on a table",downloaded_image_t6171.jpg
"a diagram of a graph with a line of data and a line of data",downloaded_image_t6172.jpg
"a screenshot of a bar chart showing the number of people who are using social media",downloaded_image_t6174.jpg
"a close up of a cross made of paper with a number of different shapes",downloaded_image_t6175.jpg
"a close up of a number of circles with a question mark",downloaded_image_t6176.jpg
"a chart of percentage of gender in education and gender in the u s",downloaded_image_t6177.jpg
"a diagram of a fish life cycle with different types of fish",downloaded_image_t6179.jpg
"a close up of a table with a number of items on it",downloaded_image_t6182.jpg
"a chart of the number of different types of lights in a room",downloaded_image_t6183.jpg
"several pens are lined up in a row with different colors",downloaded_image_t6184.jpg
"a triangle with three sides and three sides that are congructed",downloaded_image_t6185.jpg
"a table with a number of clubs and names on it",downloaded_image_t6188.jpg
"a table with a list of train schedules and times for each station",downloaded_image_t6189.jpg
"a circle with a line that is drawn to the center and a line that is not parallel to",downloaded_image_t6190.jpg
"there is a toy car and a toy bus on a table",downloaded_image_t6191.jpg
"two men in black and white posing for a picture",downloaded_image_t6192.jpg
"a picture showing the area of a right triangle with a side of",downloaded_image_t6193.jpg
"a close up of a bunch of different types of leaves",downloaded_image_t6194.jpg
"a diagram of a food web with several different types of food",downloaded_image_t6195.jpg
"a graphed coordinate with a line of coordinates and a red line",downloaded_image_t6197.jpg
"a close up of a triangle with a blue line on it",downloaded_image_t6198.jpg
"there are three people standing next to each other in formal attire",downloaded_image_t6200.jpg
"a graphing function of a curve with a blue line",downloaded_image_t6201.jpg
"a diagram of a fish eating process with several different types of fish",downloaded_image_t6203.jpg
"a triangle with three sides and three sides that are parallel",downloaded_image_t6204.jpg
"a close up of a table with a lot of different items on it",downloaded_image_t6205.jpg
"there are many different colored objects that are on the table",downloaded_image_t6207.jpg
"there is a toy airplane and a toy bike on a table",downloaded_image_t6208.jpg
"a triangle with three sides and three sides that are congructed",downloaded_image_t6209.jpg
"arafed image of a variety of animals and plants with pictures of them",downloaded_image_t6210.jpg
"a star of david with four triangles and four numbers",downloaded_image_t6211.jpg
"a chart of a bar chart with a number of different items",downloaded_image_t6212.jpg
"a diagram of a triangle with three intersecting sides and three intersecting sides",downloaded_image_t6213.jpg
"a triangle with a side of",downloaded_image_t6215.jpg
"a graphing function of a curve with a red line",downloaded_image_t6216.jpg
"a close up of a bunch of gears on a white background",downloaded_image_t6217.jpg
"a square with three sides and three sides of each side",downloaded_image_t6218.jpg
"a diagram of a sphere with a volume of",downloaded_image_t6219.jpg
"three men in suits sitting at a table signing papers",downloaded_image_t6220.jpg
"a close up of a group of different colored objects on a white surface",downloaded_image_t6221.jpg
"two men in suits sitting in chairs in front of canadian flags",downloaded_image_t6223.jpg
"a close up of a ruler with a number on it",downloaded_image_t6224.jpg
"a close up of a circle with a line drawn in it",downloaded_image_t6225.jpg
"a triangle with a side of a triangle and a side of a triangle",downloaded_image_t6226.jpg
"a circle with a center and a center inscribed in the middle",downloaded_image_t6227.jpg
"a circle with a center and a center at the end of it",downloaded_image_t6228.jpg
"a picture of a triangle with a side angle of",downloaded_image_t6229.jpg
"a graph that shows the slope of a curve with a slope at the bottom",downloaded_image_t6231.jpg
"a chart of sales statistics for different items",downloaded_image_t6232.jpg
"skiers are walking in line on a snowy slope with their skis",downloaded_image_t6233.jpg
"there is a motorcycle parked on the side of the road",downloaded_image_t6235.jpg
"a close up of a cross - stitch picture of a number and a check box",downloaded_image_t6236.jpg
"a close up of a square with a blue rectangle on it",downloaded_image_t6237.jpg
"a triangle with the sides of two triangles and the sides of the triangle are marked",downloaded_image_t6238.jpg
"a picture showing the angles of two triangles that are similar",downloaded_image_t6239.jpg
"there are many different types of bicycles and a bus in the middle of the picture",downloaded_image_t6240.jpg
"there is a woman and a child that are wrapped up",downloaded_image_t6241.jpg
"a diagram of a triangle with three intersecting sides and three intersecting sides",downloaded_image_t6242.jpg
"a graph showing the percentage of americans who have been in the us",downloaded_image_t6243.jpg
"there is a refrigerator that is sitting in the middle of a flooded area",downloaded_image_t6244.jpg
"a diagram of a rectangular prism with two sides and one side missing",downloaded_image_t6245.jpg
"arafed liquid in a beaker with a wooden handle",downloaded_image_t6246.jpg
"a triangle with a side of a triangle and a side of a triangle with a side of a",downloaded_image_t6247.jpg
"a chart showing the number of people who are traveling in different countries",downloaded_image_t6248.jpg
"there are a lot of toy vehicles and a plane on the table",downloaded_image_t6249.jpg
"several men sitting in chairs with one holding a piece of paper",downloaded_image_t6251.jpg
"pizza in a box with a slice missing from it",downloaded_image_t6252.jpg
"a close up of a purple book with a white background",downloaded_image_t6253.jpg
"a black and white image of a graph with a line graph",downloaded_image_t6254.jpg
"soccer players on a field playing soccer with a ball",downloaded_image_t6255.jpg
"a graphing function of a curve with a blue line",downloaded_image_t6256.jpg
"a table with a number of hours of babysitting in each month",downloaded_image_t6257.jpg
"a triangle with three sides and three sides that are congructed",downloaded_image_t6258.jpg
"arafed black and white photo of a family posing for a picture",downloaded_image_t6261.jpg
"there are many different colored shapes on a white surface",downloaded_image_t6262.jpg
"a close up of a ruler with a wooden handle on a white background",downloaded_image_t6264.jpg
"a white sheet with a diagram of a line and a figure drawn to scale",downloaded_image_t6265.jpg
"skiers in a race on a snowy slope with spectators watching",downloaded_image_t6266.jpg
"a diagram of a triangle with three intersecting lines",downloaded_image_t6267.jpg
"there are many different toys that are on the table",downloaded_image_t6268.jpg
"actors posing for a picture at a movie event",downloaded_image_t6270.jpg
"there is a parking meter on the side of the road",downloaded_image_t6272.jpg
"a diagram of a curve with a point at the center and a curve at the bottom",downloaded_image_t6273.jpg
"a circle with numbers and a question mark in the middle",downloaded_image_t6274.jpg
"graph of average temperature in dubai, united arab emirates",downloaded_image_t6280.jpg
"there are many different types of objects that are on the table",downloaded_image_t6281.jpg
"a cross stitch diagram of a cross - stitch of a person with a number of arrows",downloaded_image_t6282.jpg
"two men in suits and ties standing next to each other",downloaded_image_t6283.jpg
"a picture illustration of a solar eclipse with the sun and earth in the same direction",downloaded_image_t6285.jpg
"a table with a number of bridges and cars on it",downloaded_image_t6286.jpg
"a close up of a pie chart with different colors of the pie",downloaded_image_t6287.jpg
"arafed black and white photo of two men in uniform standing next to each other",downloaded_image_t6288.jpg
"a triangle with three sides and three sides that are congructed",downloaded_image_t6289.jpg
"a chart of the number of food items sold by country",downloaded_image_t6290.jpg
"a black and white photo of a pentagon with a line drawing",downloaded_image_t6292.jpg
"purple digital alarm clock with the time at",downloaded_image_t6293.jpg
"cartoon of a person on a swing set in a park",downloaded_image_t6294.jpg
"a close up of a triangle with a blue line on it",downloaded_image_t6295.jpg
"there are three balls and a cube on a table",downloaded_image_t6296.jpg
"a graph showing the percentage of adults living in middle - income",downloaded_image_t6297.jpg
"a close up of a bar chart with a number of columns",downloaded_image_t6299.jpg
